"","Gender","Age","Country"
"1","female",37,"United States"
"2","m",44,"United States"
"3","male",32,"Canada"
"4","male",31,"United Kingdom"
"5","male",31,"United States"
"6","male",33,"United States"
"7","female",35,"United States"
"8","m",39,"Canada"
"9","female",42,"United States"
"10","male",23,"Canada"
"11","male",31,"United States"
"12","male",29,"Bulgaria"
"13","female",42,"United States"
"14","male",36,"United States"
"15","male",27,"Canada"
"16","female",29,"United States"
"17","male",23,"United Kingdom"
"18","male",32,"United States"
"19","male",46,"United States"
"20","male",36,"France"
"21","male",29,"United States"
"22","male",31,"United States"
"23","male",46,"United States"
"24","male",41,"United States"
"25","male",33,"United States"
"26","male",35,"United States"
"27","male",33,"United States"
"28","female",35,"United States"
"29","male",34,"United States"
"30","male",37,"United Kingdom"
"31","male",32,"United Kingdom"
"32","male",31,"United States"
"33","male",30,"United Kingdom"
"34","male",42,"United States"
"35","female",40,"United States"
"36","male",27,"United States"
"37","male",29,"Canada"
"38","male",38,"Portugal"
"39","m",50,"United States"
"40","m",35,"United States"
"41","male",24,"United Kingdom"
"42","male",35,"United States"
"43","male",27,"Canada"
"44","male",18,"Netherlands"
"45","male",30,"United States"
"46","female",38,"United States"
"47","male",28,"United Kingdom"
"48","male",34,"United States"
"49","m",26,"Canada"
"50","male",30,"United States"
"51","m",22,"United States"
"52","male",33,"United States"
"53","m",31,"United States"
"54","male",32,"United States"
"55","m",28,"Switzerland"
"56","male-ish",27,"United States"
"57","maile",32,"United States"
"58","male",24,"United States"
"59","male",26,"United States"
"60","male",33,"Canada"
"61","male",44,"United States"
"62","female",26,"Poland"
"63","male",27,"United Kingdom"
"64","male",26,"France"
"65","male",35,"Canada"
"66","male",40,"United States"
"67","female",23,"Australia"
"68","m",36,"United States"
"69","female",31,"United States"
"70","male",34,"United States"
"71","m",28,"France"
"72","male",34,"Canada"
"73","trans-female",23,"United States"
"74","male",38,"United Kingdom"
"75","male",33,"United States"
"76","male",19,"United Kingdom"
"77","male",25,"United States"
"78","male",31,"United States"
"79","male",32,"United States"
"80","m",28,"Germany"
"81","male",38,"United States"
"82","male",23,"United Kingdom"
"83","male",30,"Canada"
"84","cis female",27,"United States"
"85","male",33,"United States"
"86","male",31,"United States"
"87","male",39,"United Kingdom"
"88","female",34,"United States"
"89","f",29,"United States"
"90","m",32,"United States"
"91","male",31,"United States"
"92","male",40,"United States"
"93","male",34,"United States"
"94","something kinda male?",18,"Russia"
"95","f",25,"Canada"
"96","male",29,"United States"
"97","male",24,"United States"
"98","male",31,"Mexico"
"99","cis male",33,"United States"
"100","m",30,"United States"
"101","female",26,"Canada"
"102","female",44,"United States"
"103","male",25,"United States"
"104","male",33,"United States"
"105","male",29,"United States"
"106","male",35,"United States"
"107","m",35,"United States"
"108","male",28,"Brazil"
"109","m",34,"United States"
"110","male",32,"United States"
"111","male",22,"United States"
"112","male",28,"United States"
"113","male",45,"United States"
"114","male",32,"United States"
"115","male",28,"United States"
"116","male",26,"United Kingdom"
"117","male",21,"United Kingdom"
"118","male",27,"Canada"
"119","male",18,"United States"
"120","male",35,"United States"
"121","male",29,"United States"
"122","male",25,"United States"
"123","male",33,"United States"
"124","male",36,"United States"
"125","male",27,"Canada"
"126","male",27,"United States"
"127","male",27,"United Kingdom"
"128","m",32,"United States"
"129","male",31,"United Kingdom"
"130","male",19,"Slovenia"
"131","male",33,"United States"
"132","male",32,"United States"
"133","male",27,"United States"
"134","male",38,"Costa Rica"
"135","male",24,"Canada"
"136","m",39,"United Kingdom"
"137","male",28,"United Kingdom"
"138","male",39,"United States"
"139","female",29,"United States"
"140","m",22,"Austria"
"141","male",38,"United States"
"142","male",37,"United Kingdom"
"143","m",35,"United States"
"144","female",30,"United States"
"145","male",37,"United States"
"146","m",24,"United Kingdom"
"147","male",23,"United States"
"148","male",30,"Ireland"
"149","female",29,"United States"
"150","male",19,"Canada"
"151","male",32,"United States"
"152","male",28,"Poland"
"153","male",36,"United States"
"154","male",37,"United Kingdom"
"155","male",25,"United States"
"156","male",27,"United States"
"157","male",26,"United States"
"158","male",27,"United States"
"159","male",25,"United States"
"160","male",36,"United Kingdom"
"161","f",25,"United States"
"162","m",31,"United States"
"163","male",26,"United States"
"164","f",33,"United States"
"165","woman",27,"United Kingdom"
"166","male",34,"United States"
"167","male",42,"United States"
"168","male",23,"Ireland"
"169","male",24,"United Kingdom"
"170","male",26,"United Kingdom"
"171","male",31,"United Kingdom"
"172","m",22,"India"
"173","female",23,"United States"
"174","female",34,"Canada"
"175","male",31,"United States"
"176","male",28,"United Kingdom"
"177","female",32,"United States"
"178","f",45,"United States"
"179","male",33,"United States"
"180","male",29,"Mexico"
"181","f",26,"India"
"182","female",28,"United Kingdom"
"183","m",45,"United States"
"184","male",43,"United States"
"185","male",37,"United States"
"186","male",24,"United Kingdom"
"187","male",26,"France"
"188","male",23,"United Kingdom"
"189","female",35,"United States"
"190","female",38,"South Africa"
"191","male",28,"United States"
"192","male",28,"Russia"
"193","male",35,"United States"
"194","female",32,"Germany"
"195","mal",31,"Italy"
"196","female",35,"United States"
"197","male",26,"United States"
"198","male",27,"United States"
"199","male",28,"United Kingdom"
"200","female",27,"United States"
"201","female",34,"United States"
"202","male",41,"United States"
"203","male",37,"Ireland"
"204","male",34,"Austria"
"205","male",32,"United Kingdom"
"206","male",21,"Canada"
"207","m",30,"United States"
"208","male",24,"United States"
"209","male",26,"Bulgaria"
"210","female",40,"United States"
"211","male",37,"United Kingdom"
"212","male",26,"United Kingdom"
"213","f",32,"United States"
"214","f",32,"United States"
"215","female",27,"United States"
"216","male",30,"Germany"
"217","m",31,"Canada"
"218","f",29,"United States"
"219","male (cis)",41,"United States"
"220","female",34,"United States"
"221","male",33,"United Kingdom"
"222","male",28,"United States"
"223","male",28,"United States"
"224","male",23,"United States"
"225","m",24,"United States"
"226","male",32,"United States"
"227","male",34,"Australia"
"228","male",24,"United States"
"229","male",26,"United Kingdom"
"230","male",36,"United States"
"231","male",41,"United States"
"232","male",38,"United Kingdom"
"233","male",38,"United States"
"234","male",30,"Netherlands"
"235","male",25,"United Kingdom"
"236","male",37,"Canada"
"237","male",34,"United Kingdom"
"238","f",37,"United States"
"239","female",28,"Canada"
"240","male",22,"Sweden"
"241","male",34,"United States"
"242","m",33,"United States"
"243","male",25,"South Africa"
"244","male",27,"United States"
"245","m",40,"United States"
"246","male",21,"United States"
"247","male",29,"United Kingdom"
"248","m",32,"United States"
"249","f",29,"United States"
"250","male",23,"United States"
"251","male",28,"United States"
"252","male",31,"United States"
"253","male",27,"United Kingdom"
"254","male",24,"United States"
"255","male",29,"Canada"
"256","female",23,"United Kingdom"
"257","male",42,"United States"
"258","male",24,"United Kingdom"
"259","male",25,"Australia"
"260","female",27,"United States"
"261","male",27,"Canada"
"262","male",30,"United States"
"263","male",29,"Poland"
"264","male",43,"Canada"
"265","male",32,"United States"
"266","male",41,"United States"
"267","male",32,"United Kingdom"
"268","female",37,"United States"
"269","male",32,"United States"
"270","male",30,"Ireland"
"271","female",23,"United States"
"272","male",30,"United States"
"273","male",34,"United Kingdom"
"274","male",38,"United States"
"275","male",33,"Canada"
"276","male",34,"United States"
"277","male",28,"Colombia"
"278","male",28,"United States"
"279","male",23,"United States"
"280","male",22,"Australia"
"281","male",27,"Portugal"
"282","male",18,"United States"
"283","male",35,"United States"
"284","male",25,"Canada"
"285","male",27,"United Kingdom"
"286","female",26,"United States"
"287","male",18,"United States"
"288","female",38,"United States"
"289","female",26,"United States"
"290","male",30,"Switzerland"
"291","male",35,"United States"
"292","male",45,"United States"
"293","male",32,"United States"
"294","male",56,"United States"
"295","female",24,"United States"
"296","f",30,"United States"
"297","male",60,"United States"
"298","male",33,"United States"
"299","m",37,"United States"
"300","female",23,"United States"
"301","f",31,"United States"
"302","male",26,"United States"
"303","female",28,"United States"
"304","f",37,"United States"
"305","male",26,"Canada"
"306","queer/she/they",30,"United States"
"307","m",26,"United States"
"308","male",25,"United States"
"309","male",27,"United States"
"310","male",25,"Canada"
"311","male",35,"United States"
"312","male",36,"United States"
"313","male",26,"United States"
"314","male",27,"United States"
"315","male",30,"United States"
"316","m",29,"United States"
"317","male",25,"United States"
"318","female",22,"United States"
"319","male",29,"Latvia"
"320","male",41,"United States"
"321","male",29,"United States"
"322","male",32,"United States"
"323","female",24,"United States"
"324","male",25,"United States"
"325","m",25,"United States"
"326","female",30,"United States"
"327","male",25,"United States"
"328","male",30,"United States"
"329","male",33,"Germany"
"330","male",24,"United States"
"331","male",25,"Canada"
"332","male",31,"United States"
"333","male",45,"Ireland"
"334","m",29,"Romania"
"335","m",46,"United States"
"336","male",30,"United Kingdom"
"337","f",29,"United States"
"338","male",24,"United States"
"339","male",29,"United States"
"340","male",35,"United States"
"341","f",33,"United States"
"342","male",27,"United States"
"343","male",36,"United States"
"344","male",33,"United Kingdom"
"345","f",25,"United States"
"346","male",23,"United States"
"347","m",54,"United States"
"348","male",22,"United States"
"349","non-binary",25,"United States"
"350","male",29,"Belgium"
"351","male",27,"United States"
"352","male",30,"United Kingdom"
"353","male",26,"United States"
"354","female",25,"Sweden"
"355","male",31,"United States"
"356","m",33,"United States"
"357","m",34,"United States"
"358","male",34,"United States"
"359","m",29,"United States"
"360","femake",33,"United States"
"361","male",34,"Germany"
"362","male",26,"United States"
"363","male",32,"United States"
"364","male",28,"United States"
"365","male",35,"United States"
"366","male",36,"United States"
"367","male",21,"United States"
"368","male",21,"United Kingdom"
"369","f",22,"United States"
"370","m",41,"United States"
"371","m",55,"United States"
"372","f",32,"United States"
"373","f",21,"United States"
"374","m",45,"United States"
"375","female",27,"United States"
"376","female",25,"United States"
"377","woman",34,"United States"
"378","f",26,"United States"
"379","male",41,"Canada"
"380","male",27,"United States"
"381","make",31,"United States"
"382","male",25,"Germany"
"383","m",26,"United States"
"384","female",27,"United States"
"385","male",42,"New Zealand"
"386","nah",29,"United States"
"387","female",25,"United States"
"388","female",33,"Sweden"
"389","female",40,"United States"
"390","male",31,"United States"
"391","male",26,"Canada"
"392","female",24,"United States"
"393","male",29,"United States"
"394","m",48,"United Kingdom"
"395","male",35,"United Kingdom"
"396","female",32,"United States"
"397","male",29,"Canada"
"398","male",26,"United States"
"399","male",28,"United States"
"400","male",23,"United States"
"401","m",35,"United States"
"402","male",29,"Germany"
"403","male",26,"United States"
"404","male",33,"United States"
"405","male",33,"United States"
"406","male",22,"Brazil"
"407","female",30,"Spain"
"408","male",33,"United States"
"409","female",31,"United States"
"410","male",21,"United States"
"411","enby",31,"United Kingdom"
"412","f",26,"United States"
"413","male",30,"United States"
"414","fluid",30,"Germany"
"415","male",23,"India"
"416","male",34,"Finland"
"417","m",55,"United States"
"418","male",28,"Germany"
"419","m",26,"Uruguay"
"420","male",28,"New Zealand"
"421","male",32,"United Kingdom"
"422","female",28,"United States"
"423","m",21,"United States"
"424","male",24,"United States"
"425","female",26,"United States"
"426","male",23,"United States"
"427","female",24,"United States"
"428","male",28,"Canada"
"429","f",24,"United States"
"430","male",33,"United States"
"431","male",34,"United States"
"432","female",27,"United States"
"433","male",28,"United States"
"434","male",26,"United States"
"435","male",20,"Australia"
"436","female",23,"United States"
"437","male",29,"United States"
"438","male",26,"United Kingdom"
"439","male",36,"United States"
"440","m",41,"United States"
"441","female",33,"United States"
"442","m",23,"Canada"
"443","male",39,"United States"
"444","m",34,"United States"
"445","f",26,"United States"
"446","male",24,"United States"
"447","male",37,"Canada"
"448","male",43,"United States"
"449","genderqueer",40,"United States"
"450","male",30,"United States"
"451","m",34,"United States"
"452","male",27,"United States"
"453","male",36,"United States"
"454","male",27,"Brazil"
"455","male",35,"Netherlands"
"456","male",32,"United Kingdom"
"457","m",37,"United States"
"458","male",29,"United Kingdom"
"459","female ",33,"United States"
"460","make",28,"United States"
"461","female",26,"United States"
"462","m",27,"United States"
"463","male",38,"United Kingdom"
"464","m",57,"United States"
"465","male",28,"United Kingdom"
"466","male",26,"France"
"467","f",42,"Netherlands"
"468","male",31,"United States"
"469","male",58,"United States"
"470","male",29,"United States"
"471","female",39,"United Kingdom"
"472","male",34,"United States"
"473","male",57,"United States"
"474","male",27,"Germany"
"475","male",23,"Germany"
"476","male",18,"Finland"
"477","female",30,"United States"
"478","male",23,"United States"
"479","m",43,"United States"
"480","female",18,"United Kingdom"
"481","male",29,"United States"
"482","m",48,"United States"
"483","male",43,"Germany"
"484","female",28,"United States"
"485","male",30,"United States"
"486","male",26,"Israel"
"487","male",33,"Italy"
"488","male",31,"United States"
"489","m",30,"United States"
"490","male",27,"Israel"
"491","female",24,"United States"
"492","male",25,"United States"
"493","female",23,"United States"
"494","m",36,"United States"
"495","female",25,"United States"
"496","male",54,"United Kingdom"
"497","male",34,"Netherlands"
"498","female",38,"United States"
"499","male",40,"Ireland"
"500","male",32,"United Kingdom"
"501","male",25,"Germany"
"502","female",35,"United States"
"503","male",46,"United States"
"504","male",42,"United States"
"505","male",32,"United Kingdom"
"506","m",47,"United States"
"507","male",22,"United States"
"508","female",33,"United States"
"509","f",25,"United States"
"510","m",29,"United States"
"511","male",39,"United States"
"512","male",38,"United States"
"513","male",43,"United States"
"514","male",46,"United States"
"515","female",38,"United States"
"516","male",33,"Germany"
"517","male",34,"United Kingdom"
"518","m",62,"United States"
"519","f",23,"United States"
"520","male",35,"United States"
"521","male",25,"Bosnia and Herzegovina"
"522","m",36,"United States"
"523","female",41,"United States"
"524","male",24,"Austria"
"525","male",51,"New Zealand"
"526","m",29,"United States"
"527","female",31,"Canada"
"528","male",27,"United Kingdom"
"529","male",31,"Australia"
"530","female",27,"Hungary"
"531","male",23,"Sweden"
"532","male",21,"Canada"
"533","female",27,"Australia"
"534","m",39,"United States"
"535","m",26,"United States"
"536","male",27,"United Kingdom"
"537","female",22,"United States"
"538","f",26,"United States"
"539","female",31,"United States"
"540","male",32,"United Kingdom"
"541","female",28,"United States"
"542","androgyne",28,"United Kingdom"
"543","female",23,"United Kingdom"
"544","male",30,"United Kingdom"
"545","male",36,"United States"
"546","m",21,"United States"
"547","male",30,"Germany"
"548","woman",25,"United States"
"549","male",32,"New Zealand"
"550","female",29,"Canada"
"551","agender",21,"United Kingdom"
"552","female",27,"New Zealand"
"553","female",32,"Canada"
"554","m",34,"Australia"
"555","m",33,"United States"
"556","male",22,"Netherlands"
"557","m",24,"United States"
"558","male",65,"United States"
"559","male",27,"United States"
"560","male",33,"Australia"
"561","male",36,"United States"
"562","male",40,"Canada"
"563","male",28,"United States"
"564","male",39,"United States"
"565","male",32,"United States"
"566","male",31,"United States"
"567","make",38,"United States"
"568","male",23,"United States"
"569","make",42,"United States"
"570","female",27,"United States"
"571","female",26,"United States"
"572","male",50,"United States"
"573","male",37,"United States"
"574","male",23,"United States"
"575","m",33,"United States"
"576","male",29,"Canada"
"577","male",34,"United States"
"578","male",41,"United States"
"579","male",50,"United States"
"580","male",29,"Canada"
"581","male",35,"United States"
"582","male",27,"Singapore"
"583","female",40,"United States"
"584","male",27,"Australia"
"585","f",29,"United States"
"586","male",31,"United States"
"587","male",43,"United States"
"588","male",34,"United States"
"589","male",29,"United States"
"590","male",19,"Canada"
"591","m",41,"United States"
"592","male",29,"United States"
"593","male",23,"United States"
"594","female",24,"United States"
"595","m",31,"United States"
"596","male",43,"United States"
"597","male",31,"United States"
"598","male",29,"United States"
"599","male",35,"United States"
"600","male",33,"United States"
"601","cis-female/femme",30,"United States"
"602","male",27,"United States"
"603","male",32,"United States"
"604","male",50,"United States"
"605","male",24,"United States"
"606","male",27,"United States"
"607","male",27,"Australia"
"608","male",32,"United States"
"609","male",42,"United States"
"610","male",37,"United States"
"611","male",30,"Singapore"
"612","male",29,"United States"
"613","male",30,"United States"
"614","male",35,"United States"
"615","male",35,"United States"
"616","male",38,"Netherlands"
"617","male",22,"United Kingdom"
"618","m",24,"Germany"
"619","m",22,"Netherlands"
"620","female",31,"United States"
"621","female",23,"United States"
"622","female",31,"United States"
"623","female",28,"United States"
"624","guy (-ish) ^_^",37,"Canada"
"625","male",34,"United States"
"626","male leaning androgynous",32,"Canada"
"627","male",28,"United States"
"628","female",24,"United Kingdom"
"629","male ",56,"United States"
"630","male",31,"Germany"
"631","female",34,"United States"
"632","m",35,"Germany"
"633","male",28,"Germany"
"634","male",36,"Poland"
"635","male",30,"United Kingdom"
"636","male",35,"United States"
"637","male",49,"Japan"
"638","male",36,"Germany"
"639","male",35,"Germany"
"640","female",29,"Australia"
"641","male",57,"United States"
"642","female",31,"Belgium"
"643","male",37,"Ireland"
"644","male",25,"Ireland"
"645","male",30,"Australia"
"646","f",26,"Australia"
"647","female",22,"Netherlands"
"648","m",39,"United States"
"649","male",29,"United Kingdom"
"650","male",54,"United Kingdom"
"651","female",34,"Australia"
"652","m",32,"United States"
"653","male",25,"Nigeria"
"654","male",29,"Poland"
"655","male",32,"Germany"
"656","m",30,"United Kingdom"
"657","male",31,"Germany"
"658","f",20,"Switzerland"
"659","male",27,"United Kingdom"
"660","male",32,"United States"
"661","male",26,"Ireland"
"662","male",30,"Italy"
"663","male",30,"Ireland"
"664","male",22,"India"
"665","male",24,"Ireland"
"666","m",26,"Netherlands"
"667","male",43,"France"
"668","male",26,"Russia"
"669","male",23,"United States"
"670","man",26,"Canada"
"671","female",26,"Israel"
"672","male",35,"Canada"
"673","male",28,"United States"
"674","male",22,"India"
"675","female",29,"United States"
"676","male",29,"Germany"
"677","male",45,"United States"
"678","male",33,"Bulgaria"
"679","male",38,"United States"
"680","trans woman",19,"United States"
"681","female",29,"Canada"
"682","female",21,"United Kingdom"
"683","female",23,"India"
"684","female",33,"United States"
"685","male",49,"United States"
"686","male",28,"United States"
"687","f",27,"United Kingdom"
"688","male",23,"Canada"
"689","m",29,"Netherlands"
"690","m",30,"Germany"
"691","female",28,"Canada"
"692","male",32,"United Kingdom"
"693","male",32,"United Kingdom"
"694","male",37,"France"
"695","f",39,"United States"
"696","male",31,"France"
"697","male",29,"United States"
"698","m",30,"United States"
"699","m",33,"United States"
"700","male",37,"United States"
"701","male",23,"United States"
"702","m",43,"United States"
"703","male",32,"United Kingdom"
"704","male",26,"United States"
"705","male",32,"United States"
"706","f",37,"United States"
"707","male",29,"United States"
"708","male",34,"United Kingdom"
"709","male",27,"France"
"710","male",30,"United States"
"711","male",29,"United States"
"712","male",32,"United States"
"713","male",25,"Germany"
"714","male",37,"United States"
"715","male",29,"Netherlands"
"716","man",27,"United States"
"717","male",33,"United Kingdom"
"718","male",30,"Canada"
"719","male",29,"Canada"
"720","male",25,"United States"
"721","male",33,"United States"
"722","male",31,"South Africa"
"723","male",21,"Germany"
"724","male",30,"Switzerland"
"725","male",29,"United States"
"726","male",43,"Croatia"
"727","m",37,"United Kingdom"
"728","male",24,"France"
"729","male",29,"United States"
"730","male",31,"United States"
"731","male",33,"United Kingdom"
"732","male",43,"United States"
"733","male",33,"United Kingdom"
"734","male",27,"United Kingdom"
"735","male",36,"United States"
"736","male",37,"Australia"
"737","male",32,"Belgium"
"738","male",39,"United Kingdom"
"739","male",31,"United States"
"740","male",36,"United States"
"741","male",30,"United States"
"742","male",28,"Canada"
"743","male",32,"Italy"
"744","male",35,"United States"
"745","male",19,"Canada"
"746","m",33,"Norway"
"747","male",42,"Germany"
"748","male",37,"United States"
"749","male",40,"Thailand"
"750","m",36,"United States"
"751","female",29,"United States"
"752","f",38,"United States"
"753","m",26,"United States"
"754","male",34,"Germany"
"755","male",21,"United States"
"756","male",31,"Canada"
"757","female",37,"United States"
"758","male",37,"Ireland"
"759","male",38,"Ireland"
"760","female",27,"United States"
"761","male",39,"Netherlands"
"762","female",33,"United States"
"763","male",27,"United Kingdom"
"764","f",36,"United States"
"765","male",28,"United Kingdom"
"766","male",39,"United Kingdom"
"767","male",33,"United States"
"768","male",32,"United Kingdom"
"769","male",28,"United Kingdom"
"770","male",37,"United Kingdom"
"771","male",39,"Canada"
"772","msle",43,"United States"
"773","neuter",32,"United Kingdom"
"774","female",27,"United States"
"775","female",31,"United Kingdom"
"776","male",43,"United Kingdom"
"777","male",33,"United States"
"778","male",34,"United Kingdom"
"779","m",33,"United States"
"780","male",25,"United States"
"781","male",25,"United States"
"782","male",32,"United Kingdom"
"783","male",25,"United States"
"784","male",37,"Netherlands"
"785","m",39,"Switzerland"
"786","m",29,"United Kingdom"
"787","male",33,"United States"
"788","female",37,"United States"
"789","female",35,"United States"
"790","female",22,"United States"
"791","male",38,"United States"
"792","female",32,"United States"
"793","male",28,"Brazil"
"794","male",27,"Switzerland"
"795","female",35,"United States"
"796","male",29,"United States"
"797","male",23,"United States"
"798","m",39,"United States"
"799","female",30,"United States"
"800","m",32,"United Kingdom"
"801","female (trans)",28,"United States"
"802","female",40,"United States"
"803","f",36,"United States"
"804","male",27,"United States"
"805","male",41,"United States"
"806","male",29,"United Kingdom"
"807","m",29,"United Kingdom"
"808","male",35,"United States"
"809","male",28,"United States"
"810","f",36,"United Kingdom"
"811","female",39,"United States"
"812","male",39,"United States"
"813","male",44,"United States"
"814","queer",26,"Germany"
"815","male",35,"Denmark"
"816","female",40,"United States"
"817","male",35,"Denmark"
"818","m",38,"United States"
"819","male",34,"United States"
"820","m",43,"United States"
"821","female (cis)",48,"United States"
"822","male",20,"United States"
"823","m",40,"United States"
"824","female",29,"United Kingdom"
"825","male",35,"United States"
"826","male",29,"United States"
"827","m",40,"United States"
"828","male",29,"Sweden"
"829","f",29,"United States"
"830","male",34,"United States"
"831","male",44,"United Kingdom"
"832","female",24,"United States"
"833","f",47,"United States"
"834","m",43,"United Kingdom"
"835","m",36,"United States"
"836","male",43,"United States"
"837","male",36,"United Kingdom"
"838","female",31,"United States"
"839","male",35,"United States"
"840","male",33,"United States"
"841","male",37,"Italy"
"842","m",34,"United States"
"843","male",36,"Netherlands"
"844","m",40,"United States"
"845","m",40,"United States"
"846","male",42,"United States"
"847","m",23,"United States"
"848","male",21,"United Kingdom"
"849","male",26,"Canada"
"850","male",31,"United States"
"851","m",25,"United States"
"852","male",51,"United States"
"853","male",24,"United States"
"854","male",33,"United States"
"855","male",32,"United Kingdom"
"856","male",32,"United Kingdom"
"857","male",26,"United Kingdom"
"858","m",23,"United States"
"859","male",33,"United States"
"860","male",46,"United States"
"861","male",34,"United Kingdom"
"862","m",35,"United States"
"863","m",39,"United States"
"864","male",32,"Germany"
"865","male",43,"Mexico"
"866","m",56,"United States"
"867","female",32,"United Kingdom"
"868","male",41,"United Kingdom"
"869","male",39,"United States"
"870","male",37,"United States"
"871","m",30,"United States"
"872","male",31,"United States"
"873","m",29,"United States"
"874","female",23,"United Kingdom"
"875","male",31,"United States"
"876","male",29,"United States"
"877","mail",30,"United States"
"878","male",37,"United States"
"879","male",36,"United States"
"880","male",35,"United States"
"881","m",41,"United States"
"882","male",31,"United Kingdom"
"883","m",38,"United Kingdom"
"884","male",26,"India"
"885","male",39,"United States"
"886","male",42,"United States"
"887","male",32,"United States"
"888","m",29,"United States"
"889","male",30,"United States"
"890","m",40,"United States"
"891","m",51,"United States"
"892","male",33,"United States"
"893","male",34,"Germany"
"894","male",50,"United States"
"895","male",24,"United States"
"896","male",25,"United States"
"897","male",43,"United Kingdom"
"898","f",25,"United States"
"899","male",24,"United Kingdom"
"900","m",51,"United States"
"901","male",49,"United States"
"902","male",30,"United States"
"903","female",25,"United States"
"904","male",36,"United States"
"905","male",48,"United States"
"906","male",48,"Australia"
"907","male",53,"United States"
"908","female",24,"United Kingdom"
"909","male",33,"United States"
"910","female",25,"Canada"
"911","male",30,"United Kingdom"
"912","male",30,"United States"
"913","male",34,"United Kingdom"
"914","male",31,"United States"
"915","f",22,"United States"
"916","male",28,"United States"
"917","male",35,"United States"
"918","male",28,"United States"
"919","male",42,"New Zealand"
"920","male",33,"United States"
"921","male",29,"United States"
"922","m",43,"United States"
"923","male",29,"United States"
"924","male",25,"United States"
"925","male",31,"United States"
"926","female",35,"United States"
"927","male",34,"United States"
"928","cis male",43,"United States"
"929","male",38,"United States"
"930","male",26,"United States"
"931","male",38,"United Kingdom"
"932","male",42,"United States"
"933","male",33,"Netherlands"
"934","male",32,"United States"
"935","male",44,"United States"
"936","male",28,"United States"
"937","male",40,"United States"
"938","f",31,"United States"
"939","male",32,"United States"
"940","male",28,"United States"
"941","male",39,"United States"
"942","male",45,"United States"
"943","male",43,"United States"
"944","male",35,"United States"
"945","male",40,"United States"
"946","male",34,"Netherlands"
"947","male",24,"United Kingdom"
"948","male",61,"South Africa"
"949","female ",36,"United States"
"950","male",38,"United States"
"951","male",33,"Germany"
"952","male",30,"United States"
"953","male",34,"Netherlands"
"954","male",26,"United States"
"955","m",33,"United Kingdom"
"956","male",32,"United Kingdom"
"957","male",25,"Germany"
"958","male",35,"Germany"
"959","m",24,"United Kingdom"
"960","male",55,"United Kingdom"
"961","male",33,"United Kingdom"
"962","female",26,"United Kingdom"
"963","male",25,"United Kingdom"
"964","male",45,"United Kingdom"
"965","female",33,"United Kingdom"
"966","male",43,"United States"
"967","male",30,"United Kingdom"
"968","male",40,"United States"
"969","male",49,"United States"
"970","male",29,"Germany"
"971","male",26,"Germany"
"972","cis male",38,"United States"
"973","male",27,"France"
"974","male",26,"Belgium"
"975","male",28,"United Kingdom"
"976","male",40,"United States"
"977","female",37,"Canada"
"978","female",34,"United Kingdom"
"979","male",28,"United States"
"980","male",27,"Canada"
"981","male",29,"United Kingdom"
"982","female",39,"United Kingdom"
"983","male",28,"United Kingdom"
"984","male",23,"United States"
"985","male",38,"United Kingdom"
"986","male",19,"United Kingdom"
"987","female",30,"United States"
"988","male",28,"United Kingdom"
"989","male",20,"India"
"990","male",35,"United Kingdom"
"991","male",39,"United States"
"992","female",31,"United States"
"993","male",32,"United Kingdom"
"994","male",27,"Sweden"
"995","male",25,"United States"
"996","male",42,"United States"
"997","male",34,"United States"
"998","female",26,"United States"
"999","male",35,"United Kingdom"
"1000","male",34,"United Kingdom"
"1001","m",38,"United States"
"1002","m",34,"United States"
"1003","m",39,"United States"
"1004","f",44,"United States"
"1005","male",40,"United States"
"1006","female",33,"United States"
"1007","female",24,"United States"
"1008","female",38,"United States"
"1009","male",31,"United States"
"1010","male",23,"Israel"
"1011","f",26,"United States"
"1012","female (trans)",46,"United States"
"1013","male",30,"United States"
"1014","male",25,"United States"
"1015","m",19,"Canada"
"1016","female",30,"United States"
"1017","m",32,"United States"
"1018","male",32,"United Kingdom"
"1019","male",37,"United States"
"1020","m",42,"United States"
"1021","female",25,"United States"
"1022","male",19,"United States"
"1023","female",40,"United States"
"1024","male",34,"United States"
"1025","male",26,"United States"
"1026","male",31,"United States"
"1027","male",40,"United States"
"1028","female",31,"United States"
"1029","m",36,"United States"
"1030","male",35,"Canada"
"1031","male",26,"Australia"
"1032","m",44,"United States"
"1033","female",34,"United States"
"1034","male",35,"United States"
"1035","female",28,"United States"
"1036","male",33,"United States"
"1037","m",40,"United States"
"1038","male",26,"United States"
"1039","f",29,"United Kingdom"
"1040","female",26,"Canada"
"1041","malr",33,"Italy"
"1042","male",28,"Brazil"
"1043","male",41,"United States"
"1044","male",39,"United Kingdom"
"1045","female",26,"United States"
"1046","female",23,"United States"
"1047","male",35,"Switzerland"
"1048","male",36,"United States"
"1049","m",42,"United States"
"1050","male",39,"United States"
"1051","male",27,"United States"
"1052","male",33,"United States"
"1053","male ",31,"Canada"
"1054","female",28,"United States"
"1055","female",29,"United States"
"1056","male",27,"United States"
"1057","m",44,"United States"
"1058","male",25,"United States"
"1059","male",24,"Germany"
"1060","male",25,"South Africa"
"1061","m",34,"United States"
"1062","male",26,"United States"
"1063","male",48,"United States"
"1064","male",34,"Greece"
"1065","female",39,"United States"
"1066","male",43,"United States"
"1067","m",41,"United States"
"1068","male",25,"United States"
"1069","m",31,"United States"
"1070","male",40,"United States"
"1071","male",43,"United States"
"1072","female",27,"United States"
"1073","female",37,"United States"
"1074","male",32,"Netherlands"
"1075","male",25,"United States"
"1076","male",29,"Netherlands"
"1077","female",30,"United States"
"1078","female",34,"Canada"
"1079","male",32,"United Kingdom"
"1080","male",37,"Germany"
"1081","male",41,"Germany"
"1082","male",38,"United States"
"1083","male",32,"United States"
"1084","female",28,"United States"
"1085","male",43,"United States"
"1086","male",32,"United States"
"1087","m",25,"United States"
"1088","male",37,"United States"
"1089","male",36,"United States"
"1090","male",24,"United States"
"1091","male",40,"United States"
"1092","male",29,"United States"
"1093","male",43,"United States"
"1094","male",29,"United States"
"1095","male",26,"United States"
"1096","female",33,"Canada"
"1097","female",35,"United States"
"1098","m",45,"United States"
"1099","male",25,"United States"
"1100","male",50,"France"
"1101","male",26,"Australia"
"1102","female",33,"United States"
"1103","male",30,"India"
"1104","male",33,"Croatia"
"1105","m",29,"France"
"1106","male",37,"Germany"
"1107","male",25,"United States"
"1108","m",40,"United States"
"1109","male",24,"Canada"
"1110","male",40,"United Kingdom"
"1111","male",46,"United States"
"1112","male",38,"United States"
"1113","male",34,"United States"
"1114","male",32,"United Kingdom"
"1115","male",44,"United Kingdom"
"1116","female",33,"United Kingdom"
"1117","female",45,"United States"
"1118","male",35,"United States"
"1119","male",26,"Germany"
"1120","female",20,"United States"
"1121","male",37,"Netherlands"
"1122","male",28,"United States"
"1123","f",42,"United States"
"1124","male",32,"United Kingdom"
"1125","f",36,"United States"
"1126","m",27,"New Zealand"
"1127","m",27,"New Zealand"
"1128","male",27,"United Kingdom"
"1129","male",25,"United Kingdom"
"1130","m",41,"United Kingdom"
"1131","male",23,"Germany"
"1132","male",21,"United Kingdom"
"1133","male",26,"Moldova"
"1134","male",29,"Sweden"
"1135","male",28,"Belgium"
"1136","female",27,"United Kingdom"
"1137","male",23,"Israel"
"1138","f",26,"United States"
"1139","male",38,"United Kingdom"
"1140","m",39,"United Kingdom"
"1141","m",35,"United States"
"1142","male",32,"United States"
"1143","male",32,"United States"
"1144","male",26,"United Kingdom"
"1145","male",38,"Canada"
"1146","female",34,"United Kingdom"
"1147","male",39,"United States"
"1148","male",32,"Canada"
"1149","male",37,"Netherlands"
"1150","male",31,"United Kingdom"
"1151","m",30,"United States"
"1152","m",51,"Singapore"
"1153","m",29,"United States"
"1154","male",31,"United Kingdom"
"1155","male",31,"India"
"1156","male",26,"United States"
"1157","female",46,"United States"
"1158","male",32,"United States"
"1159","male",29,"United States"
"1160","male",34,"Poland"
"1161","male",26,"Colombia"
"1162","female",32,"United States"
"1163","male",29,"United States"
"1164","male",30,"United States"
"1165","f",40,"United States"
"1166","male",23,"United Kingdom"
"1167","male",20,"Georgia"
"1168","male",38,"United States"
"1169","female",26,"United States"
"1170","male",29,"United States"
"1171","m",40,"China"
"1172","female",25,"Bulgaria"
"1173","woman",32,"United States"
"1174","male",38,"United States"
"1175","female",72,"United States"
"1176","female",35,"United States"
"1177","f",28,"United States"
"1178","femail",27,"United States"
"1179","female",56,"United States"
"1180","male",38,"United States"
"1181","female",31,"Belgium"
"1182","male",40,"United States"
"1183","m",44,"United States"
"1184","male",34,"Canada"
"1185","male",37,"United Kingdom"
"1186","male",38,"Italy"
"1187","male",27,"Germany"
"1188","female",34,"Ireland"
"1189","female",35,"Ireland"
"1190","male",34,"Ireland"
"1191","male",32,"United States"
"1192","male",25,"Ireland"
"1193","male",28,"Australia"
"1194","female",28,"United States"
"1195","male",31,"Brazil"
"1196","male",24,"United Kingdom"
"1197","male",34,"Ireland"
"1198","male",32,"Ireland"
"1199","male",34,"United Kingdom"
"1200","male",23,"United States"
"1201","male",33,"Czech Republic"
"1202","male",29,"Singapore"
"1203","male",24,"Ireland"
"1204","male",45,"Ireland"
"1205","female",34,"United Kingdom"
"1206","male",31,"Philippines"
"1207","male",33,"United States"
"1208","male",28,"Netherlands"
"1209","male",27,"United Kingdom"
"1210","male",42,"Ireland"
"1211","male",28,"Netherlands"
"1212","male",38,"United States"
"1213","male",46,"United States"
"1214","male",46,"United States"
"1215","female",41,"Netherlands"
"1216","male ",23,"United Kingdom"
"1217","male",24,"Ireland"
"1218","female",23,"Ireland"
"1219","male",39,"Netherlands"
"1220","female",32,"Ireland"
"1221","male",25,"United States"
"1222","male",39,"Greece"
"1223","female",23,"United Kingdom"
"1224","cis man",24,"United Kingdom"
"1225","male",25,"United Kingdom"
"1226","male",23,"United Kingdom"
"1227","ostensibly male, unsure what that really means",24,"United Kingdom"
"1228","male",23,"Canada"
"1229","male",60,"United States"
"1230","male",28,"Ireland"
"1231","male",28,"United States"
"1232","male",30,"Netherlands"
"1233","male",31,"Germany"
"1234","male",31,"Poland"
"1235","male",28,"Ireland"
"1236","f",43,"United States"
"1237","female",32,"United Kingdom"
"1238","male",22,"Australia"
"1239","male",32,"United States"
"1240","male",36,"Finland"
"1241","female",41,"United States"
"1242","m",30,"United States"
"1243","male",30,"United States"
"1244","male",36,"South Africa"
"1245","male",29,"United States"
"1246","male",36,"United States"
"1247","male",26,"United Kingdom"
"1248","male",32,"United States"
"1249","male",34,"United States"
"1250","f",46,"United States"
"1251","male",25,"United States"
