"","benefits","care_options","wellness_program","seek_help","anonymity","leave"
"1","Yes","Not sure","No","Yes","Yes","Somewhat easy"
"2","Don't know","No","Don't know","Don't know","Don't know","Don't know"
"3","No","No","No","No","Don't know","Somewhat difficult"
"4","No","Yes","No","No","No","Somewhat difficult"
"5","Yes","No","Don't know","Don't know","Don't know","Don't know"
"6","Yes","Not sure","No","Don't know","Don't know","Don't know"
"7","No","No","No","No","No","Somewhat difficult"
"8","No","Yes","No","No","Yes","Don't know"
"9","Yes","Yes","No","No","No","Very difficult"
"10","Don't know","No","Don't know","Don't know","Don't know","Don't know"
"11","Don't know","No","No","No","Don't know","Don't know"
"12","Don't know","Not sure","No","No","Don't know","Don't know"
"13","Yes","Yes","No","No","Don't know","Somewhat difficult"
"14","Don't know","Not sure","No","Don't know","Don't know","Don't know"
"15","Don't know","Not sure","Don't know","Don't know","Don't know","Somewhat easy"
"16","Yes","Not sure","No","No","Don't know","Somewhat easy"
"17","Don't know","No","Don't know","Don't know","Don't know","Very easy"
"18","Yes","Yes","No","Don't know","Don't know","Don't know"
"19","Yes","Not sure","Yes","Don't know","Yes","Very easy"
"20","No","No","Yes","No","Yes","Somewhat easy"
"21","Yes","Yes","No","No","No","Somewhat difficult"
"22","No","No","No","No","Yes","Somewhat difficult"
"23","Yes","Yes","No","No","Don't know","Don't know"
"24","Don't know","No","No","Don't know","Don't know","Don't know"
"25","Yes","Not sure","Don't know","Yes","Yes","Don't know"
"26","Yes","Yes","No","Don't know","No","Very easy"
"27","Don't know","Not sure","No","Don't know","Don't know","Don't know"
"28","Yes","Yes","Don't know","Don't know","Don't know","Don't know"
"29","Don't know","Not sure","No","Don't know","Don't know","Somewhat difficult"
"30","No","No","No","No","Don't know","Very difficult"
"31","No","No","No","No","Don't know","Don't know"
"32","No","Yes","No","No","Don't know","Somewhat difficult"
"33","Don't know","No","No","No","Yes","Somewhat easy"
"34","Yes","Yes","Yes","Yes","Yes","Very easy"
"35","Yes","Yes","No","No","Don't know","Don't know"
"36","No","Yes","No","No","Don't know","Very easy"
"37","No","No","No","No","Don't know","Very easy"
"38","No","Yes","No","No","Don't know","Somewhat easy"
"39","Yes","Yes","No","Don't know","Don't know","Don't know"
"40","Yes","Yes","No","Yes","Yes","Very easy"
"41","No","No","No","No","Don't know","Don't know"
"42","Yes","Not sure","Don't know","Yes","Don't know","Somewhat difficult"
"43","No","Yes","No","No","Yes","Very difficult"
"44","No","Not sure","No","No","Don't know","Somewhat difficult"
"45","Don't know","No","No","No","Don't know","Don't know"
"46","Yes","Yes","No","Yes","Yes","Somewhat easy"
"47","Don't know","Not sure","No","No","Don't know","Don't know"
"48","No","No","No","No","Don't know","Don't know"
"49","No","Yes","Yes","No","Don't know","Don't know"
"50","Yes","No","No","Don't know","Don't know","Don't know"
"51","No","Yes","No","No","Yes","Very difficult"
"52","Don't know","Not sure","Don't know","Don't know","Don't know","Don't know"
"53","Don't know","No","Don't know","Don't know","Don't know","Don't know"
"54","Don't know","Not sure","No","No","Don't know","Don't know"
"55","No","No","No","No","Don't know","Don't know"
"56","Yes","Yes","No","No","Yes","Don't know"
"57","Don't know","No","No","No","Don't know","Somewhat easy"
"58","Don't know","No","No","No","Don't know","Don't know"
"59","No","No","No","No","Yes","Somewhat easy"
"60","Don't know","No","No","No","No","Somewhat difficult"
"61","Yes","No","No","Don't know","Don't know","Don't know"
"62","Don't know","Not sure","Yes","Yes","Yes","Very easy"
"63","Yes","Not sure","No","Yes","Don't know","Somewhat easy"
"64","No","No","No","No","Don't know","Very easy"
"65","Don't know","No","No","No","Don't know","Somewhat easy"
"66","Yes","Yes","Yes","Yes","Don't know","Don't know"
"67","No","Not sure","No","No","Don't know","Very easy"
"68","Yes","No","Don't know","Yes","Don't know","Don't know"
"69","Don't know","No","Don't know","Don't know","Don't know","Don't know"
"70","No","No","No","No","Don't know","Don't know"
"71","No","No","No","No","Don't know","Don't know"
"72","Don't know","Not sure","Don't know","Don't know","Don't know","Somewhat easy"
"73","Yes","Yes","No","No","Yes","Somewhat difficult"
"74","No","No","No","Don't know","Yes","Somewhat easy"
"75","Don't know","Not sure","Yes","Don't know","Don't know","Don't know"
"76","No","Yes","No","No","No","Somewhat difficult"
"77","Yes","Yes","Yes","Yes","Don't know","Don't know"
"78","No","No","No","No","Yes","Somewhat difficult"
"79","No","No","No","No","Don't know","Somewhat difficult"
"80","Don't know","No","Don't know","Don't know","Don't know","Very easy"
"81","Yes","Yes","No","Yes","Don't know","Don't know"
"82","Yes","Not sure","Yes","Don't know","Don't know","Very easy"
"83","No","No","No","No","Don't know","Don't know"
"84","Yes","Yes","Yes","Yes","Yes","Very easy"
"85","No","No","No","No","Don't know","Don't know"
"86","Don't know","Not sure","No","No","Don't know","Don't know"
"87","No","No","No","No","Don't know","Very difficult"
"88","Yes","Not sure","No","Don't know","Don't know","Don't know"
"89","Yes","Yes","No","No","Don't know","Don't know"
"90","Don't know","No","No","Don't know","Don't know","Don't know"
"91","Yes","Yes","Yes","Yes","Yes","Somewhat easy"
"92","No","Yes","No","No","Yes","Very difficult"
"93","Don't know","No","No","No","Don't know","Somewhat easy"
"94","Yes","Yes","No","No","Yes","Somewhat easy"
"95","Yes","Yes","No","Don't know","Don't know","Don't know"
"96","Don't know","No","No","Don't know","Don't know","Don't know"
"97","Don't know","Not sure","No","Don't know","Don't know","Somewhat easy"
"98","Don't know","No","No","No","Don't know","Don't know"
"99","No","Yes","No","No","Don't know","Somewhat easy"
"100","No","Yes","No","No","Yes","Somewhat easy"
"101","No","Yes","No","No","No","Very difficult"
"102","Yes","Not sure","Don't know","Don't know","Don't know","Don't know"
"103","Don't know","No","Don't know","Don't know","Don't know","Very easy"
"104","Yes","Yes","Yes","Yes","Yes","Somewhat easy"
"105","Yes","Not sure","Yes","Don't know","Don't know","Somewhat easy"
"106","Yes","Not sure","No","No","Yes","Somewhat easy"
"107","Don't know","Not sure","No","No","Don't know","Somewhat easy"
"108","No","No","No","No","No","Don't know"
"109","Yes","No","No","No","Don't know","Don't know"
"110","Yes","No","Yes","Yes","Yes","Somewhat difficult"
"111","Yes","Yes","No","Don't know","Yes","Don't know"
"112","Yes","Yes","Yes","Yes","Yes","Somewhat easy"
"113","Yes","Yes","No","Yes","Yes","Very easy"
"114","Yes","Yes","No","Don't know","Don't know","Don't know"
"115","Don't know","No","No","Don't know","Don't know","Don't know"
"116","Don't know","No","No","Don't know","Don't know","Very easy"
"117","No","Yes","No","No","Yes","Very difficult"
"118","Yes","Yes","Yes","Yes","Yes","Very easy"
"119","No","No","No","No","Yes","Very easy"
"120","Don't know","Not sure","No","Don't know","Don't know","Don't know"
"121","Yes","Yes","No","Yes","Don't know","Don't know"
"122","Don't know","No","No","No","Don't know","Very easy"
"123","Don't know","No","Don't know","Don't know","Yes","Very easy"
"124","Yes","No","No","No","Yes","Don't know"
"125","Yes","Not sure","No","No","Don't know","Very difficult"
"126","Yes","No","Yes","Yes","Yes","Don't know"
"127","No","No","No","No","Don't know","Don't know"
"128","Yes","Yes","No","Yes","Yes","Don't know"
"129","No","No","No","No","Don't know","Somewhat easy"
"130","Don't know","No","No","No","Don't know","Somewhat easy"
"131","Yes","Yes","No","No","Don't know","Very easy"
"132","No","Yes","No","No","Don't know","Very difficult"
"133","Don't know","Not sure","Don't know","Don't know","Don't know","Don't know"
"134","No","Yes","No","No","Yes","Somewhat easy"
"135","Don't know","No","No","No","Don't know","Don't know"
"136","No","No","No","No","Don't know","Don't know"
"137","Don't know","No","No","No","Yes","Very easy"
"138","Yes","Not sure","No","No","Don't know","Somewhat easy"
"139","Don't know","No","No","Don't know","Don't know","Somewhat easy"
"140","Don't know","No","Don't know","No","Don't know","Somewhat easy"
"141","Don't know","No","Don't know","Don't know","Don't know","Don't know"
"142","No","Yes","Yes","Yes","Yes","Very difficult"
"143","Don't know","Not sure","Don't know","Don't know","Don't know","Don't know"
"144","Don't know","Not sure","No","Don't know","Don't know","Don't know"
"145","Yes","Yes","Yes","Yes","Don't know","Somewhat easy"
"146","No","No","No","No","Yes","Don't know"
"147","No","No","No","No","No","Somewhat easy"
"148","No","Yes","Yes","Yes","Don't know","Somewhat easy"
"149","Don't know","Not sure","No","Don't know","Don't know","Don't know"
"150","Don't know","Not sure","No","Yes","Yes","Somewhat easy"
"151","Don't know","Not sure","No","No","Don't know","Very easy"
"152","No","No","No","No","Don't know","Don't know"
"153","Don't know","Not sure","Don't know","Don't know","Don't know","Don't know"
"154","Yes","Yes","Yes","Yes","Yes","Somewhat difficult"
"155","Don't know","No","No","Don't know","Don't know","Somewhat difficult"
"156","Don't know","No","No","Don't know","Don't know","Don't know"
"157","Don't know","Not sure","No","No","Don't know","Don't know"
"158","No","Yes","No","No","Don't know","Somewhat difficult"
"159","Don't know","Not sure","No","No","Don't know","Very easy"
"160","Yes","Yes","Yes","Yes","Yes","Somewhat easy"
"161","Yes","No","No","No","Don't know","Don't know"
"162","Yes","No","No","Yes","Don't know","Don't know"
"163","Don't know","No","No","No","Don't know","Don't know"
"164","No","Yes","Yes","Yes","Yes","Very difficult"
"165","No","Yes","No","No","Yes","Somewhat easy"
"166","No","No","No","No","Don't know","Very easy"
"167","No","Yes","No","No","Don't know","Very difficult"
"168","No","No","No","No","Don't know","Very difficult"
"169","Don't know","Not sure","Yes","Don't know","Don't know","Very easy"
"170","Yes","Yes","Don't know","Don't know","Yes","Somewhat easy"
"171","Don't know","No","No","No","Don't know","Don't know"
"172","Don't know","Not sure","No","No","Don't know","Very difficult"
"173","Don't know","No","No","Don't know","Don't know","Don't know"
"174","Yes","Yes","Yes","No","Don't know","Somewhat easy"
"175","Don't know","Not sure","No","Don't know","Don't know","Don't know"
"176","No","Not sure","No","Yes","Yes","Somewhat easy"
"177","Yes","Not sure","Don't know","Don't know","Yes","Very easy"
"178","Yes","No","No","No","Yes","Somewhat difficult"
"179","Don't know","No","No","No","Don't know","Very easy"
"180","No","No","No","No","No","Don't know"
"181","No","No","No","No","Don't know","Somewhat easy"
"182","Don't know","No","No","Don't know","Yes","Somewhat easy"
"183","Don't know","Not sure","Don't know","Don't know","Don't know","Don't know"
"184","Yes","Not sure","No","Don't know","Don't know","Very difficult"
"185","Yes","No","No","No","Don't know","Don't know"
"186","Don't know","No","No","Don't know","Don't know","Somewhat easy"
"187","No","Yes","No","No","Don't know","Somewhat easy"
"188","Don't know","No","No","No","Don't know","Don't know"
"189","Yes","Not sure","Don't know","No","Yes","Somewhat easy"
"190","No","Yes","No","No","Yes","Somewhat easy"
"191","Yes","No","No","No","Don't know","Somewhat easy"
"192","No","No","No","No","Don't know","Don't know"
"193","No","No","No","No","Yes","Don't know"
"194","No","No","No","No","Don't know","Very difficult"
"195","No","No","No","No","Don't know","Somewhat easy"
"196","Don't know","Not sure","No","No","Don't know","Don't know"
"197","Yes","No","No","No","Yes","Somewhat easy"
"198","Yes","Yes","No","No","Don't know","Somewhat easy"
"199","Don't know","No","No","No","Don't know","Don't know"
"200","Yes","No","No","No","Don't know","Very easy"
"201","Yes","Yes","Yes","Yes","Yes","Somewhat easy"
"202","No","Not sure","No","No","Don't know","Very difficult"
"203","No","Yes","No","No","Don't know","Very difficult"
"204","Don't know","No","Don't know","Don't know","Don't know","Very easy"
"205","Don't know","Not sure","No","No","Don't know","Somewhat difficult"
"206","No","Yes","No","No","Don't know","Somewhat difficult"
"207","No","Yes","No","No","Yes","Somewhat easy"
"208","Don't know","Not sure","No","Don't know","Don't know","Don't know"
"209","No","No","No","No","No","Very easy"
"210","Yes","Yes","Yes","Yes","Yes","Somewhat easy"
"211","No","No","No","No","Don't know","Don't know"
"212","No","No","No","No","Don't know","Don't know"
"213","Don't know","No","No","No","No","Don't know"
"214","Yes","Yes","Don't know","Don't know","Yes","Very easy"
"215","No","No","Don't know","Don't know","Don't know","Very difficult"
"216","Yes","Yes","No","No","Yes","Very difficult"
"217","Yes","Yes","No","Don't know","Yes","Very easy"
"218","Yes","No","No","Don't know","Don't know","Somewhat difficult"
"219","Yes","Not sure","No","No","Don't know","Very easy"
"220","Yes","No","No","No","Don't know","Somewhat easy"
"221","Don't know","No","No","No","Don't know","Don't know"
"222","Don't know","No","No","No","Don't know","Don't know"
"223","No","Yes","No","No","Yes","Very difficult"
"224","Don't know","Not sure","Don't know","Don't know","Don't know","Don't know"
"225","Don't know","No","Don't know","No","Yes","Very easy"
"226","No","Yes","No","No","Don't know","Very difficult"
"227","Don't know","Not sure","Yes","Yes","Don't know","Somewhat difficult"
"228","Yes","Not sure","No","Don't know","Don't know","Very easy"
"229","No","Yes","No","No","Don't know","Don't know"
"230","Yes","No","No","Yes","Don't know","Don't know"
"231","Yes","Yes","No","Don't know","Don't know","Don't know"
"232","Don't know","Not sure","Don't know","Don't know","Don't know","Very difficult"
"233","Don't know","Not sure","No","Don't know","Don't know","Don't know"
"234","Don't know","No","Don't know","Don't know","Yes","Somewhat easy"
"235","No","No","No","No","Don't know","Somewhat difficult"
"236","Yes","Yes","No","Don't know","Don't know","Don't know"
"237","No","No","No","No","Yes","Somewhat difficult"
"238","Yes","Yes","Yes","Yes","Yes","Somewhat easy"
"239","Yes","Yes","Yes","Yes","Yes","Don't know"
"240","Don't know","No","No","No","Don't know","Don't know"
"241","No","No","No","No","Don't know","Somewhat difficult"
"242","Yes","Yes","Yes","Yes","Yes","Somewhat easy"
"243","No","No","No","No","Yes","Somewhat difficult"
"244","Yes","Yes","Don't know","Don't know","Yes","Somewhat easy"
"245","Yes","Yes","Yes","Yes","Yes","Don't know"
"246","Don't know","No","No","Don't know","Don't know","Don't know"
"247","No","No","No","No","Yes","Very easy"
"248","No","No","No","No","Don't know","Don't know"
"249","Yes","Yes","Yes","Don't know","Yes","Don't know"
"250","Don't know","No","No","Don't know","Yes","Somewhat easy"
"251","Yes","No","No","Don't know","Yes","Somewhat easy"
"252","Yes","Yes","Yes","Don't know","Yes","Very easy"
"253","Don't know","Not sure","Don't know","Don't know","No","Very easy"
"254","Don't know","No","Don't know","Don't know","Don't know","Don't know"
"255","No","No","No","No","Don't know","Somewhat difficult"
"256","Don't know","Not sure","Don't know","Don't know","Don't know","Don't know"
"257","No","Yes","No","Yes","Don't know","Somewhat easy"
"258","No","No","No","No","Don't know","Don't know"
"259","No","Yes","No","No","No","Very difficult"
"260","Yes","No","No","No","Yes","Don't know"
"261","No","Yes","No","No","No","Very difficult"
"262","Yes","Yes","No","Yes","Yes","Don't know"
"263","No","Yes","No","No","Yes","Very difficult"
"264","No","Not sure","No","No","Don't know","Somewhat easy"
"265","No","Yes","No","Don't know","Don't know","Very easy"
"266","Yes","Yes","Don't know","No","Don't know","Very easy"
"267","Don't know","Not sure","Don't know","Don't know","Don't know","Very easy"
"268","Yes","Yes","No","No","Yes","Don't know"
"269","No","No","No","No","Don't know","Very easy"
"270","No","No","No","No","Don't know","Somewhat difficult"
"271","Yes","No","Don't know","Don't know","Yes","Don't know"
"272","Yes","Yes","Yes","Yes","Yes","Very easy"
"273","No","Yes","No","No","Don't know","Somewhat easy"
"274","Yes","No","No","No","Don't know","Don't know"
"275","Yes","No","Yes","Yes","Yes","Don't know"
"276","Yes","No","No","No","Don't know","Don't know"
"277","No","Yes","No","No","Don't know","Somewhat easy"
"278","Yes","Yes","Yes","Don't know","Don't know","Very easy"
"279","Don't know","No","No","Don't know","Don't know","Don't know"
"280","Don't know","Not sure","Yes","Yes","Don't know","Somewhat easy"
"281","No","No","No","No","Yes","Don't know"
"282","Don't know","No","No","Don't know","Don't know","Don't know"
"283","Yes","Yes","No","No","Yes","Somewhat difficult"
"284","Don't know","Not sure","No","No","Don't know","Don't know"
"285","No","No","No","No","Yes","Somewhat easy"
"286","Yes","Not sure","Don't know","Don't know","Don't know","Don't know"
"287","Don't know","Not sure","Don't know","Don't know","Don't know","Very easy"
"288","No","Yes","No","No","Don't know","Don't know"
"289","Yes","Yes","Yes","Don't know","Don't know","Somewhat easy"
"290","No","No","No","No","No","Somewhat easy"
"291","Don't know","No","No","Don't know","Don't know","Don't know"
"292","Yes","Yes","Don't know","Don't know","Yes","Don't know"
"293","Yes","No","No","Don't know","Don't know","Don't know"
"294","Yes","Not sure","Don't know","Don't know","Don't know","Don't know"
"295","Don't know","Not sure","No","Don't know","Don't know","Don't know"
"296","Yes","Yes","Yes","Don't know","Don't know","Very easy"
"297","Yes","No","Don't know","Yes","Don't know","Don't know"
"298","Yes","No","Yes","Yes","Don't know","Don't know"
"299","Yes","Yes","Yes","Yes","Don't know","Don't know"
"300","Yes","Yes","Yes","Yes","Don't know","Don't know"
"301","Yes","Not sure","Don't know","Don't know","Yes","Somewhat easy"
"302","Yes","Not sure","No","Don't know","Don't know","Don't know"
"303","Yes","Yes","Yes","Yes","Yes","Somewhat easy"
"304","Yes","Yes","Don't know","Yes","Don't know","Somewhat easy"
"305","Yes","No","No","Don't know","Don't know","Don't know"
"306","Yes","Not sure","No","No","Don't know","Somewhat easy"
"307","No","No","No","No","Don't know","Don't know"
"308","Don't know","Not sure","No","Don't know","Don't know","Don't know"
"309","Yes","Not sure","Yes","Yes","Don't know","Don't know"
"310","Don't know","No","No","Don't know","Don't know","Somewhat difficult"
"311","Yes","Not sure","Don't know","Yes","Don't know","Don't know"
"312","No","Yes","No","No","Don't know","Somewhat easy"
"313","Yes","Not sure","No","Don't know","Don't know","Don't know"
"314","Don't know","No","Don't know","Don't know","Don't know","Very easy"
"315","Don't know","Not sure","No","Don't know","Don't know","Don't know"
"316","Don't know","Not sure","No","Don't know","Don't know","Don't know"
"317","Yes","Yes","Yes","Yes","Yes","Very easy"
"318","Yes","Yes","Yes","Yes","Yes","Somewhat easy"
"319","No","Yes","No","No","Don't know","Somewhat easy"
"320","Yes","Yes","Don't know","Yes","Yes","Somewhat easy"
"321","Yes","No","No","Don't know","Don't know","Don't know"
"322","Yes","Not sure","Don't know","Yes","Yes","Somewhat easy"
"323","Yes","Yes","No","Yes","Yes","Don't know"
"324","Yes","No","Don't know","No","Don't know","Don't know"
"325","Don't know","Not sure","Don't know","Don't know","Don't know","Don't know"
"326","Yes","Yes","Yes","Yes","Yes","Somewhat easy"
"327","Don't know","Not sure","Don't know","Yes","Don't know","Don't know"
"328","No","Yes","No","No","Don't know","Don't know"
"329","No","No","No","No","Don't know","Somewhat difficult"
"330","Yes","Not sure","Yes","Yes","Yes","Very easy"
"331","Yes","Yes","No","Don't know","Don't know","Don't know"
"332","Don't know","No","No","No","Yes","Somewhat easy"
"333","No","No","No","No","Don't know","Very difficult"
"334","No","Yes","No","No","Don't know","Don't know"
"335","Yes","Not sure","Yes","Don't know","Don't know","Very easy"
"336","Don't know","No","No","Don't know","Don't know","Don't know"
"337","Yes","Not sure","Don't know","No","Don't know","Very easy"
"338","Yes","Yes","Don't know","Don't know","Yes","Don't know"
"339","Yes","Yes","Yes","Yes","Yes","Very easy"
"340","Don't know","Not sure","No","Don't know","Don't know","Don't know"
"341","No","Yes","No","No","Don't know","Very difficult"
"342","Don't know","Not sure","Don't know","Don't know","Don't know","Very easy"
"343","Don't know","Not sure","Don't know","Don't know","Don't know","Don't know"
"344","Don't know","No","No","No","Don't know","Don't know"
"345","Yes","Yes","No","No","Yes","Don't know"
"346","Don't know","No","No","No","Don't know","Don't know"
"347","Don't know","No","Yes","Yes","Don't know","Don't know"
"348","Don't know","No","Don't know","Don't know","Don't know","Don't know"
"349","Yes","Yes","Don't know","Don't know","Don't know","Don't know"
"350","Don't know","No","No","No","Don't know","Don't know"
"351","Yes","Yes","Yes","Yes","Yes","Don't know"
"352","No","No","No","Don't know","Don't know","Very easy"
"353","Yes","Not sure","Don't know","Yes","Don't know","Don't know"
"354","Yes","Yes","Yes","No","Don't know","Somewhat easy"
"355","No","Yes","No","Don't know","Yes","Don't know"
"356","Don't know","Not sure","No","No","Don't know","Don't know"
"357","Yes","Yes","Don't know","Yes","Yes","Don't know"
"358","No","No","No","No","Don't know","Somewhat easy"
"359","No","Yes","No","No","Yes","Very easy"
"360","No","No","No","No","Don't know","Somewhat difficult"
"361","No","No","No","Don't know","Don't know","Somewhat difficult"
"362","No","No","No","Don't know","No","Don't know"
"363","Yes","Yes","Yes","Yes","Yes","Don't know"
"364","Don't know","Not sure","No","Don't know","Don't know","Somewhat difficult"
"365","Yes","No","Yes","Yes","Yes","Very easy"
"366","No","Yes","No","No","Yes","Very easy"
"367","Yes","No","No","Don't know","Yes","Don't know"
"368","Don't know","Not sure","No","No","No","Very easy"
"369","Yes","No","Yes","Yes","Yes","Somewhat easy"
"370","Yes","No","Yes","Yes","Don't know","Somewhat difficult"
"371","Yes","Yes","Yes","Yes","Yes","Very easy"
"372","Yes","Yes","Yes","Yes","Yes","Somewhat easy"
"373","Don't know","Not sure","Don't know","No","Don't know","Somewhat easy"
"374","Yes","Yes","Don't know","Don't know","Don't know","Don't know"
"375","Yes","Yes","No","No","Yes","Don't know"
"376","Don't know","No","No","No","Don't know","Don't know"
"377","Yes","Yes","Yes","Yes","Yes","Very difficult"
"378","Yes","Yes","No","Yes","Yes","Don't know"
"379","Yes","Not sure","No","Don't know","Don't know","Somewhat easy"
"380","Yes","No","Yes","Yes","Yes","Don't know"
"381","Yes","No","No","No","Don't know","Don't know"
"382","No","No","No","No","Yes","Somewhat easy"
"383","Don't know","No","No","No","Don't know","Don't know"
"384","Yes","Yes","No","Don't know","Don't know","Don't know"
"385","Don't know","Not sure","No","No","Don't know","Don't know"
"386","Yes","Yes","No","No","Don't know","Very difficult"
"387","Don't know","Not sure","No","No","Don't know","Somewhat difficult"
"388","Yes","Yes","No","Yes","Yes","Don't know"
"389","Yes","No","Don't know","Don't know","Don't know","Somewhat easy"
"390","Don't know","No","No","Don't know","Don't know","Somewhat easy"
"391","Don't know","No","Don't know","Don't know","Don't know","Very easy"
"392","No","No","No","No","No","Very difficult"
"393","Yes","Not sure","No","Don't know","Don't know","Don't know"
"394","Don't know","No","No","No","Don't know","Don't know"
"395","No","No","No","No","Don't know","Very difficult"
"396","Don't know","Not sure","No","No","Don't know","Don't know"
"397","Don't know","Not sure","Don't know","Don't know","Yes","Somewhat easy"
"398","Yes","Yes","No","No","Don't know","Somewhat difficult"
"399","Yes","Yes","No","No","Don't know","Don't know"
"400","Don't know","No","No","Don't know","Don't know","Don't know"
"401","Yes","Yes","No","No","Don't know","Very difficult"
"402","Don't know","No","No","No","Don't know","Very easy"
"403","Yes","Yes","No","Yes","Yes","Very easy"
"404","Yes","Yes","Yes","Yes","Don't know","Don't know"
"405","Don't know","No","Don't know","Don't know","Don't know","Don't know"
"406","Don't know","No","No","No","Don't know","Somewhat easy"
"407","No","No","No","No","Don't know","Don't know"
"408","Yes","Yes","No","No","Don't know","Somewhat easy"
"409","Don't know","Not sure","No","Don't know","Don't know","Very difficult"
"410","Don't know","Not sure","Don't know","Don't know","Don't know","Don't know"
"411","Don't know","No","No","No","Don't know","Don't know"
"412","Don't know","Not sure","Don't know","Don't know","Don't know","Somewhat difficult"
"413","Don't know","No","No","Don't know","Don't know","Somewhat easy"
"414","Don't know","Not sure","No","No","Don't know","Somewhat difficult"
"415","No","No","No","No","Don't know","Don't know"
"416","No","No","No","No","Don't know","Somewhat easy"
"417","No","Yes","No","Don't know","Don't know","Don't know"
"418","Yes","No","No","No","Yes","Very easy"
"419","Don't know","No","Don't know","No","Don't know","Don't know"
"420","Yes","Yes","Yes","No","Don't know","Very easy"
"421","No","No","No","Don't know","Don't know","Somewhat easy"
"422","Yes","Yes","No","Don't know","Don't know","Don't know"
"423","Don't know","Not sure","No","Yes","Yes","Don't know"
"424","No","Yes","No","No","Don't know","Somewhat difficult"
"425","Yes","Not sure","Yes","Don't know","Don't know","Don't know"
"426","Yes","No","No","No","Don't know","Don't know"
"427","Yes","Yes","Yes","Yes","Yes","Somewhat easy"
"428","Don't know","No","No","No","Don't know","Somewhat easy"
"429","No","No","No","No","Don't know","Very easy"
"430","No","No","No","No","Yes","Somewhat easy"
"431","Don't know","No","No","No","Don't know","Don't know"
"432","Don't know","Not sure","No","No","Don't know","Somewhat difficult"
"433","Don't know","No","No","Don't know","Don't know","Don't know"
"434","Don't know","Not sure","Don't know","Don't know","Don't know","Don't know"
"435","Don't know","Not sure","Don't know","Don't know","Yes","Very easy"
"436","Yes","Yes","No","Don't know","Don't know","Don't know"
"437","Yes","Yes","Yes","Yes","Yes","Somewhat easy"
"438","No","No","No","No","Don't know","Don't know"
"439","Yes","No","Yes","Don't know","Don't know","Somewhat easy"
"440","Yes","Yes","Yes","Yes","Yes","Don't know"
"441","Yes","No","Don't know","No","Don't know","Don't know"
"442","Yes","Yes","No","No","Yes","Very easy"
"443","Yes","No","No","Don't know","Don't know","Don't know"
"444","Yes","Not sure","Don't know","Don't know","Don't know","Don't know"
"445","Yes","Yes","No","No","Don't know","Somewhat difficult"
"446","Yes","Yes","Yes","No","Don't know","Don't know"
"447","Yes","Yes","Yes","Yes","Don't know","Don't know"
"448","Yes","Yes","No","No","Yes","Very easy"
"449","Yes","Yes","Yes","Don't know","Yes","Don't know"
"450","Yes","Yes","Yes","No","Don't know","Very difficult"
"451","Don't know","Not sure","No","No","Don't know","Don't know"
"452","Don't know","Not sure","No","Don't know","Don't know","Don't know"
"453","Don't know","No","No","No","Yes","Somewhat easy"
"454","No","Yes","No","No","Don't know","Somewhat easy"
"455","Yes","No","No","No","Yes","Don't know"
"456","No","No","No","No","Don't know","Don't know"
"457","Yes","No","No","No","Don't know","Don't know"
"458","Don't know","No","Don't know","Don't know","Don't know","Don't know"
"459","Yes","Not sure","Yes","Yes","Don't know","Very easy"
"460","No","Yes","No","No","Don't know","Somewhat easy"
"461","Don't know","Not sure","No","No","Don't know","Somewhat difficult"
"462","Don't know","No","Yes","Don't know","Don't know","Somewhat easy"
"463","No","No","No","No","Yes","Somewhat easy"
"464","Yes","Yes","No","No","Don't know","Don't know"
"465","No","No","No","No","No","Very difficult"
"466","No","Yes","No","No","Don't know","Don't know"
"467","Yes","Yes","No","No","Yes","Don't know"
"468","Yes","Yes","Yes","Yes","Yes","Very easy"
"469","Yes","Yes","Yes","Yes","Yes","Somewhat easy"
"470","Don't know","No","No","No","Don't know","Very difficult"
"471","Yes","Yes","No","Yes","Don't know","Don't know"
"472","Don't know","No","No","No","Don't know","Very difficult"
"473","Yes","Not sure","Yes","Yes","Don't know","Don't know"
"474","No","Not sure","No","No","Don't know","Somewhat difficult"
"475","Don't know","No","Don't know","Don't know","Don't know","Don't know"
"476","Don't know","No","No","Don't know","Don't know","Very easy"
"477","Don't know","Not sure","No","No","Don't know","Don't know"
"478","Don't know","Not sure","Don't know","Don't know","Don't know","Don't know"
"479","Yes","Yes","Yes","Yes","Yes","Somewhat easy"
"480","Don't know","Not sure","Don't know","Don't know","Don't know","Don't know"
"481","Yes","Yes","No","No","Don't know","Don't know"
"482","Don't know","No","No","Don't know","Don't know","Don't know"
"483","No","Yes","Don't know","No","Don't know","Somewhat easy"
"484","Don't know","Not sure","No","No","Don't know","Don't know"
"485","No","Yes","No","No","Yes","Very easy"
"486","No","No","No","No","Yes","Very easy"
"487","No","No","No","No","Don't know","Don't know"
"488","Yes","Not sure","Don't know","Don't know","Yes","Don't know"
"489","Don't know","Not sure","No","No","Don't know","Don't know"
"490","No","No","No","No","Don't know","Somewhat difficult"
"491","No","No","Don't know","Don't know","Don't know","Don't know"
"492","Don't know","Not sure","Don't know","Don't know","Don't know","Don't know"
"493","Yes","Not sure","Don't know","No","Don't know","Don't know"
"494","Yes","Not sure","No","No","Don't know","Somewhat difficult"
"495","Don't know","Not sure","No","No","Yes","Somewhat difficult"
"496","No","Yes","Yes","Yes","Yes","Very easy"
"497","Don't know","Not sure","Don't know","Don't know","Don't know","Somewhat easy"
"498","Yes","Yes","No","No","Yes","Don't know"
"499","No","No","No","No","No","Don't know"
"500","No","Not sure","No","Don't know","Don't know","Don't know"
"501","Don't know","Not sure","Don't know","Yes","Don't know","Don't know"
"502","No","Yes","No","No","Don't know","Don't know"
"503","Yes","Yes","Yes","Yes","Don't know","Don't know"
"504","Yes","No","Yes","No","Don't know","Very difficult"
"505","Yes","No","No","No","Don't know","Don't know"
"506","Yes","Yes","Yes","Yes","Don't know","Very easy"
"507","Yes","Not sure","Yes","Don't know","Yes","Don't know"
"508","Yes","Yes","Yes","Yes","Don't know","Very easy"
"509","No","No","No","No","No","Somewhat easy"
"510","Don't know","Not sure","No","Don't know","Don't know","Don't know"
"511","Yes","Yes","Yes","Yes","Yes","Very easy"
"512","Yes","Not sure","Yes","Yes","Yes","Don't know"
"513","Don't know","No","No","Don't know","Don't know","Don't know"
"514","Yes","Not sure","Yes","Yes","Yes","Don't know"
"515","Yes","Yes","Yes","Yes","Yes","Very easy"
"516","Yes","Yes","No","No","Yes","Very easy"
"517","No","Yes","No","No","Yes","Very easy"
"518","Yes","Yes","Don't know","Yes","Don't know","Don't know"
"519","Don't know","Not sure","Don't know","Don't know","Yes","Don't know"
"520","No","No","No","No","Don't know","Don't know"
"521","Don't know","Not sure","Don't know","Don't know","Don't know","Don't know"
"522","Don't know","Yes","Don't know","No","Yes","Somewhat difficult"
"523","Yes","Yes","Yes","Yes","Yes","Very easy"
"524","Yes","Yes","Don't know","Don't know","Yes","Somewhat easy"
"525","No","Yes","Yes","No","No","Somewhat difficult"
"526","Yes","Yes","No","Yes","Yes","Very easy"
"527","Don't know","Not sure","Don't know","Don't know","Don't know","Don't know"
"528","No","No","No","No","Don't know","Don't know"
"529","Yes","Yes","Yes","Yes","Don't know","Somewhat easy"
"530","No","No","No","No","No","Very difficult"
"531","Don't know","No","No","Don't know","Don't know","Very easy"
"532","Don't know","Not sure","Don't know","No","Don't know","Don't know"
"533","No","Yes","No","No","No","Somewhat difficult"
"534","Yes","Yes","Yes","Yes","Don't know","Somewhat easy"
"535","Don't know","No","No","Don't know","Don't know","Don't know"
"536","Don't know","No","No","No","Don't know","Don't know"
"537","Yes","Yes","No","Don't know","Don't know","Don't know"
"538","Don't know","No","No","No","Don't know","Somewhat difficult"
"539","Yes","Yes","No","No","Yes","Somewhat easy"
"540","Don't know","No","No","No","Don't know","Don't know"
"541","Yes","No","No","Don't know","Don't know","Don't know"
"542","No","Not sure","No","No","Yes","Somewhat difficult"
"543","Don't know","Not sure","No","No","Don't know","Very easy"
"544","Don't know","Not sure","Don't know","Don't know","Don't know","Very easy"
"545","Yes","No","No","Yes","Don't know","Somewhat difficult"
"546","Yes","Yes","Yes","Yes","Yes","Don't know"
"547","No","No","Don't know","No","Don't know","Somewhat easy"
"548","Don't know","Not sure","No","No","Don't know","Don't know"
"549","No","No","No","No","Don't know","Very easy"
"550","No","No","No","No","Don't know","Don't know"
"551","No","Yes","Yes","No","Yes","Somewhat easy"
"552","No","No","No","No","Don't know","Somewhat easy"
"553","Don't know","Not sure","Don't know","Don't know","Don't know","Don't know"
"554","Yes","Yes","Yes","Yes","Yes","Very easy"
"555","Don't know","No","Don't know","Don't know","Don't know","Don't know"
"556","No","Not sure","No","Don't know","Don't know","Somewhat easy"
"557","Don't know","Not sure","Don't know","Don't know","Don't know","Don't know"
"558","No","No","No","No","Don't know","Very easy"
"559","Don't know","No","No","Don't know","Don't know","Don't know"
"560","Don't know","Not sure","Don't know","Don't know","Yes","Very easy"
"561","Don't know","Not sure","No","Don't know","Don't know","Don't know"
"562","No","No","No","No","Don't know","Somewhat difficult"
"563","Yes","Yes","No","No","Yes","Somewhat difficult"
"564","Yes","Not sure","Yes","Don't know","Yes","Don't know"
"565","Yes","No","No","Yes","Don't know","Somewhat easy"
"566","Yes","Not sure","Don't know","Don't know","Don't know","Somewhat easy"
"567","Don't know","No","No","No","Don't know","Don't know"
"568","No","Yes","No","No","Don't know","Don't know"
"569","Yes","Yes","Yes","Yes","Yes","Somewhat easy"
"570","Don't know","Not sure","Don't know","Yes","Don't know","Don't know"
"571","Yes","Yes","No","No","Yes","Somewhat difficult"
"572","No","Yes","No","No","Don't know","Don't know"
"573","Don't know","No","No","Don't know","Don't know","Somewhat easy"
"574","Don't know","No","Don't know","No","Don't know","Don't know"
"575","Don't know","Not sure","No","No","Yes","Very easy"
"576","Yes","Yes","No","No","Yes","Very difficult"
"577","Yes","No","No","No","Don't know","Don't know"
"578","Yes","No","No","No","Don't know","Don't know"
"579","Don't know","No","No","Don't know","Don't know","Don't know"
"580","Yes","Not sure","Yes","Yes","Yes","Somewhat difficult"
"581","No","Yes","No","No","Yes","Very easy"
"582","No","No","No","No","Yes","Don't know"
"583","Don't know","Not sure","No","No","Don't know","Somewhat easy"
"584","No","No","No","No","Don't know","Don't know"
"585","Yes","Yes","Yes","No","Yes","Don't know"
"586","No","No","No","No","Don't know","Somewhat easy"
"587","No","Yes","No","No","Don't know","Somewhat easy"
"588","Yes","Yes","No","No","Don't know","Don't know"
"589","Don't know","No","No","No","No","Somewhat difficult"
"590","No","No","No","No","Don't know","Don't know"
"591","Yes","Not sure","Yes","Yes","Don't know","Don't know"
"592","Yes","Yes","Yes","Yes","Don't know","Don't know"
"593","Yes","Not sure","Don't know","Don't know","Don't know","Don't know"
"594","Yes","Not sure","No","No","Don't know","Somewhat difficult"
"595","Don't know","No","No","Don't know","Don't know","Don't know"
"596","Don't know","Not sure","Don't know","Don't know","Don't know","Don't know"
"597","No","No","No","Don't know","Don't know","Somewhat difficult"
"598","Yes","Yes","Yes","Yes","Don't know","Don't know"
"599","No","No","Yes","Yes","Don't know","Very easy"
"600","Yes","Not sure","No","No","Yes","Somewhat difficult"
"601","No","Yes","No","Yes","Yes","Somewhat difficult"
"602","Yes","Not sure","Don't know","Don't know","Yes","Don't know"
"603","No","Yes","No","No","Don't know","Don't know"
"604","Don't know","No","No","Don't know","Don't know","Don't know"
"605","Don't know","Not sure","No","No","Don't know","Don't know"
"606","Don't know","No","No","No","Don't know","Don't know"
"607","No","No","No","No","Don't know","Don't know"
"608","No","Yes","No","No","Yes","Somewhat easy"
"609","No","Yes","No","No","Don't know","Very easy"
"610","Don't know","No","No","No","Don't know","Don't know"
"611","Don't know","Not sure","No","No","Don't know","Somewhat easy"
"612","Yes","No","No","No","Don't know","Very easy"
"613","No","Not sure","No","Yes","Don't know","Somewhat difficult"
"614","Yes","No","Yes","Don't know","Don't know","Don't know"
"615","Yes","Yes","No","No","Yes","Very difficult"
"616","No","Not sure","No","Don't know","Don't know","Don't know"
"617","Yes","Yes","No","No","Yes","Very easy"
"618","Don't know","No","No","No","Don't know","Somewhat easy"
"619","Don't know","Not sure","No","No","Don't know","Don't know"
"620","Yes","Yes","No","No","Don't know","Very easy"
"621","Yes","Yes","Yes","Yes","Yes","Somewhat easy"
"622","Don't know","No","No","No","Don't know","Don't know"
"623","Yes","Yes","Yes","Yes","Don't know","Somewhat difficult"
"624","Yes","Yes","No","No","Don't know","Somewhat difficult"
"625","No","Yes","No","No","Yes","Somewhat easy"
"626","No","Yes","No","No","Yes","Very difficult"
"627","Yes","Not sure","No","Don't know","Don't know","Don't know"
"628","No","No","No","No","Don't know","Don't know"
"629","Yes","Yes","No","No","Don't know","Don't know"
"630","No","No","No","No","No","Very easy"
"631","Yes","Yes","No","Don't know","Don't know","Somewhat easy"
"632","Don't know","No","Yes","Don't know","Don't know","Very easy"
"633","No","No","No","No","Don't know","Somewhat easy"
"634","No","No","No","No","Don't know","Somewhat easy"
"635","No","No","No","No","Yes","Somewhat easy"
"636","Yes","Not sure","No","No","Yes","Very easy"
"637","No","Yes","Yes","No","Don't know","Somewhat difficult"
"638","Yes","Yes","No","No","Yes","Very easy"
"639","No","No","No","No","Don't know","Very easy"
"640","Yes","Yes","Yes","Yes","No","Somewhat difficult"
"641","Yes","Yes","No","Yes","Yes","Somewhat difficult"
"642","Yes","No","No","No","No","Don't know"
"643","No","No","No","No","Don't know","Don't know"
"644","No","No","No","No","Don't know","Don't know"
"645","No","No","No","No","Don't know","Very easy"
"646","No","Yes","Yes","Yes","Don't know","Somewhat easy"
"647","No","No","No","No","Don't know","Don't know"
"648","Don't know","No","Yes","Yes","Don't know","Don't know"
"649","Don't know","Not sure","Don't know","Don't know","Don't know","Don't know"
"650","Don't know","Not sure","No","No","Don't know","Very easy"
"651","Don't know","No","Yes","Yes","Don't know","Don't know"
"652","Yes","Not sure","Yes","Yes","Don't know","Very easy"
"653","No","No","No","No","Don't know","Don't know"
"654","No","No","No","No","No","Somewhat difficult"
"655","No","No","No","No","Don't know","Don't know"
"656","Yes","Yes","No","Don't know","Yes","Don't know"
"657","Don't know","No","No","Don't know","Don't know","Somewhat easy"
"658","Yes","Yes","Yes","Yes","Yes","Somewhat easy"
"659","Don't know","No","No","Don't know","Don't know","Don't know"
"660","Don't know","Not sure","Don't know","Don't know","Don't know","Don't know"
"661","No","No","No","No","Don't know","Somewhat difficult"
"662","Don't know","No","No","No","Yes","Very easy"
"663","No","No","Don't know","No","Don't know","Very difficult"
"664","Don't know","No","Don't know","Don't know","Don't know","Very easy"
"665","Don't know","Not sure","Don't know","Don't know","Don't know","Don't know"
"666","No","No","No","No","Don't know","Don't know"
"667","Don't know","No","No","No","Don't know","Don't know"
"668","No","Not sure","No","Don't know","Don't know","Somewhat difficult"
"669","Don't know","Not sure","No","Don't know","Don't know","Don't know"
"670","Yes","Not sure","Don't know","Yes","Don't know","Somewhat easy"
"671","Don't know","No","Don't know","Don't know","Don't know","Don't know"
"672","Don't know","No","No","No","Don't know","Don't know"
"673","Don't know","Not sure","No","Don't know","Don't know","Don't know"
"674","No","No","No","No","Don't know","Don't know"
"675","Don't know","No","No","No","Don't know","Don't know"
"676","No","Yes","No","No","Yes","Very easy"
"677","Yes","Not sure","No","Yes","Don't know","Very easy"
"678","No","No","No","No","Don't know","Somewhat easy"
"679","Yes","Yes","Yes","Yes","Don't know","Don't know"
"680","Don't know","Not sure","No","No","Don't know","Somewhat difficult"
"681","Yes","Yes","Yes","Don't know","Yes","Somewhat easy"
"682","No","No","No","No","Don't know","Don't know"
"683","Don't know","Not sure","No","Don't know","Don't know","Don't know"
"684","Yes","Yes","Yes","Yes","Yes","Somewhat easy"
"685","Yes","Not sure","Yes","Yes","Yes","Somewhat easy"
"686","Don't know","No","No","No","Don't know","Don't know"
"687","Don't know","Not sure","Yes","Don't know","Yes","Very easy"
"688","Yes","No","No","No","Don't know","Somewhat easy"
"689","No","No","No","No","Yes","Somewhat easy"
"690","Don't know","No","No","Don't know","Yes","Somewhat easy"
"691","Yes","Not sure","Don't know","Don't know","Don't know","Somewhat easy"
"692","No","No","No","No","Don't know","Don't know"
"693","Yes","Yes","No","No","Yes","Very easy"
"694","No","No","No","No","Don't know","Somewhat easy"
"695","No","Yes","No","No","Don't know","Very difficult"
"696","Don't know","No","No","Don't know","Don't know","Don't know"
"697","No","No","No","Don't know","Don't know","Somewhat difficult"
"698","Yes","No","No","Don't know","Don't know","Don't know"
"699","No","Yes","Yes","Yes","No","Very difficult"
"700","Yes","Yes","Don't know","Don't know","Yes","Don't know"
"701","Yes","Yes","Yes","No","Yes","Somewhat easy"
"702","Yes","Not sure","No","Yes","Don't know","Somewhat easy"
"703","Don't know","No","No","No","Don't know","Don't know"
"704","Don't know","Not sure","No","No","Don't know","Don't know"
"705","Don't know","Not sure","Don't know","Don't know","Don't know","Very easy"
"706","Don't know","Not sure","No","Don't know","Don't know","Don't know"
"707","Yes","Yes","No","No","Yes","Very easy"
"708","No","No","No","No","Don't know","Somewhat easy"
"709","Don't know","Not sure","Don't know","Don't know","Don't know","Don't know"
"710","Don't know","No","No","Don't know","Don't know","Very easy"
"711","Yes","Yes","No","Yes","Yes","Don't know"
"712","Yes","Yes","Don't know","Don't know","Don't know","Very difficult"
"713","Yes","Yes","Don't know","Yes","Yes","Somewhat easy"
"714","Yes","Yes","Yes","No","Yes","Somewhat easy"
"715","No","No","No","No","Don't know","Very easy"
"716","Yes","Not sure","No","Don't know","Don't know","Don't know"
"717","Don't know","No","No","No","Don't know","Don't know"
"718","Don't know","No","No","No","No","Very difficult"
"719","No","Yes","No","No","Don't know","Somewhat difficult"
"720","Don't know","No","Yes","Don't know","Don't know","Don't know"
"721","No","Yes","No","No","Don't know","Don't know"
"722","No","No","No","No","No","Don't know"
"723","Don't know","No","No","No","Don't know","Very easy"
"724","Don't know","No","No","No","No","Very difficult"
"725","Don't know","Not sure","Don't know","Don't know","Don't know","Don't know"
"726","No","No","No","No","Yes","Very difficult"
"727","No","No","No","No","Don't know","Don't know"
"728","No","No","Yes","No","Don't know","Don't know"
"729","Don't know","Not sure","No","No","Don't know","Very easy"
"730","Yes","Yes","Yes","Yes","Yes","Don't know"
"731","No","Not sure","No","No","Don't know","Very easy"
"732","Yes","Yes","Don't know","Yes","Yes","Don't know"
"733","Don't know","Not sure","No","No","Don't know","Don't know"
"734","No","No","No","Yes","Yes","Don't know"
"735","Don't know","No","Don't know","Don't know","Don't know","Don't know"
"736","No","Yes","No","No","Yes","Very easy"
"737","No","Yes","No","No","Don't know","Very difficult"
"738","No","No","No","No","Don't know","Very easy"
"739","Yes","Yes","No","Don't know","Don't know","Somewhat easy"
"740","Yes","Yes","No","No","Don't know","Very difficult"
"741","Don't know","Not sure","Don't know","Don't know","Don't know","Don't know"
"742","Yes","Not sure","No","Don't know","Yes","Very easy"
"743","No","No","No","No","No","Somewhat difficult"
"744","Yes","Yes","Yes","Yes","Yes","Very easy"
"745","Don't know","Not sure","No","No","Don't know","Somewhat difficult"
"746","Yes","Yes","No","No","Don't know","Very easy"
"747","Don't know","Not sure","Yes","Yes","Yes","Very easy"
"748","Don't know","Not sure","Don't know","Don't know","Don't know","Don't know"
"749","No","No","No","No","Yes","Very easy"
"750","Yes","Yes","Yes","Yes","Yes","Very easy"
"751","Don't know","No","No","Don't know","Don't know","Don't know"
"752","Yes","Not sure","No","Don't know","Don't know","Don't know"
"753","Yes","No","Yes","Don't know","Don't know","Somewhat difficult"
"754","No","No","No","No","Yes","Somewhat easy"
"755","No","Yes","No","No","No","Don't know"
"756","No","Yes","No","No","Yes","Somewhat easy"
"757","Yes","Yes","Yes","Yes","Don't know","Don't know"
"758","No","No","No","No","Don't know","Very easy"
"759","No","No","No","No","No","Very difficult"
"760","Don't know","Not sure","Yes","Don't know","Don't know","Somewhat easy"
"761","No","No","Yes","No","Yes","Somewhat easy"
"762","Yes","Yes","Yes","Yes","Yes","Somewhat easy"
"763","Don't know","Not sure","No","Don't know","Don't know","Somewhat easy"
"764","Yes","No","No","No","Don't know","Don't know"
"765","Don't know","Not sure","No","No","Don't know","Somewhat easy"
"766","Don't know","No","No","No","Don't know","Don't know"
"767","No","Yes","No","No","Yes","Very easy"
"768","Don't know","Not sure","No","Don't know","Don't know","Don't know"
"769","Don't know","Not sure","No","Don't know","Don't know","Don't know"
"770","No","No","No","No","Yes","Somewhat easy"
"771","Yes","Yes","Yes","Yes","Yes","Very easy"
"772","Don't know","No","No","Don't know","Don't know","Don't know"
"773","Don't know","No","Yes","Yes","Don't know","Don't know"
"774","Don't know","Not sure","No","Yes","Don't know","Don't know"
"775","Don't know","No","No","No","Don't know","Don't know"
"776","Don't know","No","No","Don't know","Don't know","Don't know"
"777","No","Yes","No","No","Yes","Somewhat difficult"
"778","Don't know","Not sure","Don't know","Don't know","Yes","Very easy"
"779","Don't know","No","No","No","Don't know","Don't know"
"780","Don't know","No","No","No","Don't know","Don't know"
"781","Yes","Yes","Yes","Yes","Yes","Don't know"
"782","No","Yes","No","No","Yes","Somewhat easy"
"783","Yes","Yes","Don't know","Don't know","Yes","Don't know"
"784","Don't know","No","Don't know","Don't know","Don't know","Somewhat easy"
"785","Yes","Yes","Yes","Yes","Yes","Somewhat easy"
"786","Don't know","Not sure","No","No","Don't know","Somewhat easy"
"787","Yes","Yes","Don't know","Don't know","Don't know","Don't know"
"788","Don't know","Not sure","No","No","Yes","Somewhat difficult"
"789","Yes","No","No","No","Yes","Very difficult"
"790","Don't know","Not sure","Don't know","Don't know","Don't know","Very difficult"
"791","Yes","Yes","No","No","Don't know","Somewhat easy"
"792","Yes","No","No","Don't know","Don't know","Don't know"
"793","Don't know","No","No","No","Don't know","Don't know"
"794","No","No","No","No","Don't know","Don't know"
"795","Don't know","No","Don't know","Don't know","Don't know","Very easy"
"796","Yes","Yes","Yes","No","Yes","Very easy"
"797","No","Yes","No","No","Don't know","Very easy"
"798","Yes","No","No","No","Don't know","Don't know"
"799","Yes","Yes","Yes","Yes","Yes","Very easy"
"800","Don't know","Not sure","No","Don't know","Don't know","Somewhat easy"
"801","No","Yes","No","No","Don't know","Somewhat difficult"
"802","Yes","Yes","Yes","Yes","Yes","Don't know"
"803","Don't know","No","No","Don't know","Don't know","Don't know"
"804","Don't know","Not sure","No","Don't know","Don't know","Very easy"
"805","Yes","Yes","No","Yes","Don't know","Don't know"
"806","Don't know","No","No","No","Don't know","Don't know"
"807","No","No","No","No","Don't know","Somewhat difficult"
"808","No","No","No","No","Yes","Very difficult"
"809","No","Yes","No","No","Don't know","Don't know"
"810","Don't know","Not sure","Don't know","Don't know","Don't know","Don't know"
"811","Don't know","Not sure","No","Don't know","Don't know","Don't know"
"812","Yes","Yes","Yes","Yes","Yes","Very difficult"
"813","No","Yes","No","No","No","Very easy"
"814","No","Not sure","Yes","Yes","Yes","Very easy"
"815","No","Yes","Yes","No","Don't know","Somewhat easy"
"816","Yes","Not sure","Yes","Don't know","Don't know","Don't know"
"817","No","Yes","Yes","No","Don't know","Somewhat easy"
"818","No","Yes","No","No","No","Very difficult"
"819","Don't know","Not sure","Don't know","Don't know","Don't know","Don't know"
"820","Yes","No","Yes","Yes","Don't know","Don't know"
"821","Don't know","No","No","No","No","Very difficult"
"822","Don't know","Not sure","Don't know","Don't know","Don't know","Don't know"
"823","Don't know","Not sure","No","No","Don't know","Somewhat easy"
"824","Don't know","No","No","No","Don't know","Don't know"
"825","No","Yes","No","No","Yes","Don't know"
"826","Yes","Yes","No","Yes","Yes","Very easy"
"827","Yes","Not sure","No","Don't know","Don't know","Don't know"
"828","No","Yes","No","No","Yes","Very easy"
"829","Yes","Not sure","Don't know","No","Don't know","Don't know"
"830","No","No","No","No","Don't know","Don't know"
"831","Don't know","No","No","No","Don't know","Somewhat difficult"
"832","Yes","Yes","No","No","Yes","Very easy"
"833","Don't know","No","No","Don't know","Don't know","Very difficult"
"834","Don't know","No","No","No","Don't know","Very easy"
"835","Yes","Yes","Yes","Yes","Yes","Somewhat difficult"
"836","Don't know","No","No","Don't know","Don't know","Very difficult"
"837","No","No","No","No","Don't know","Somewhat difficult"
"838","Yes","Yes","No","No","Don't know","Somewhat difficult"
"839","Don't know","Not sure","Yes","Don't know","Don't know","Don't know"
"840","Yes","No","No","No","Yes","Somewhat difficult"
"841","Don't know","Not sure","Don't know","Don't know","Don't know","Don't know"
"842","Don't know","No","Yes","Don't know","Yes","Don't know"
"843","No","No","No","No","Don't know","Very easy"
"844","No","Yes","No","No","Yes","Very easy"
"845","Yes","Yes","Yes","Yes","Yes","Don't know"
"846","No","Yes","No","No","Don't know","Somewhat easy"
"847","Yes","Yes","No","Don't know","Yes","Don't know"
"848","No","No","No","No","Yes","Somewhat easy"
"849","No","No","No","No","Don't know","Very difficult"
"850","Don't know","Not sure","No","No","Don't know","Don't know"
"851","Yes","Yes","Yes","Yes","Yes","Very easy"
"852","Yes","Yes","Yes","Yes","Yes","Very easy"
"853","Don't know","Not sure","Don't know","No","Yes","Somewhat easy"
"854","No","No","No","No","Don't know","Don't know"
"855","No","No","No","No","No","Don't know"
"856","No","No","No","No","No","Don't know"
"857","No","Not sure","Don't know","Don't know","Don't know","Somewhat difficult"
"858","Don't know","No","Don't know","Don't know","Don't know","Don't know"
"859","No","Yes","No","No","Don't know","Very difficult"
"860","Yes","Yes","Yes","Yes","Yes","Somewhat easy"
"861","No","No","No","No","No","Somewhat difficult"
"862","Yes","Yes","No","No","Don't know","Somewhat easy"
"863","No","Yes","No","No","Don't know","Very difficult"
"864","No","Yes","No","No","Yes","Somewhat easy"
"865","Don't know","No","No","Don't know","Don't know","Don't know"
"866","Yes","Yes","Don't know","Yes","Yes","Somewhat easy"
"867","Don't know","No","No","No","Don't know","Somewhat difficult"
"868","Yes","Yes","Yes","Yes","Yes","Don't know"
"869","Don't know","Not sure","Don't know","Don't know","Don't know","Don't know"
"870","Yes","Yes","No","No","Yes","Very easy"
"871","Don't know","Not sure","No","Don't know","Don't know","Very difficult"
"872","Yes","No","Yes","No","Yes","Somewhat easy"
"873","Don't know","Not sure","No","Don't know","Don't know","Don't know"
"874","No","No","No","Yes","Don't know","Somewhat easy"
"875","Yes","Yes","No","Don't know","Yes","Very easy"
"876","Don't know","Not sure","Don't know","Don't know","Don't know","Don't know"
"877","Yes","Yes","Don't know","Don't know","Yes","Very easy"
"878","Yes","No","Yes","Don't know","Don't know","Don't know"
"879","Yes","No","No","Don't know","Don't know","Somewhat difficult"
"880","Yes","Yes","No","Don't know","Don't know","Don't know"
"881","Don't know","No","No","No","Don't know","Don't know"
"882","Don't know","Not sure","No","No","Don't know","Don't know"
"883","Yes","Yes","Yes","Yes","Don't know","Somewhat easy"
"884","No","No","No","No","Yes","Very easy"
"885","Yes","No","Yes","Yes","Don't know","Don't know"
"886","Yes","Not sure","Don't know","Yes","Don't know","Don't know"
"887","No","Yes","No","No","Don't know","Very difficult"
"888","Don't know","Not sure","Don't know","Don't know","Don't know","Don't know"
"889","Yes","No","Don't know","Yes","Don't know","Very difficult"
"890","Don't know","Not sure","No","Don't know","Don't know","Don't know"
"891","Don't know","Not sure","No","Don't know","Don't know","Somewhat difficult"
"892","Yes","Yes","Yes","Yes","Yes","Somewhat easy"
"893","No","Not sure","No","No","Yes","Somewhat difficult"
"894","No","Yes","No","No","Yes","Somewhat easy"
"895","Don't know","No","No","Don't know","Don't know","Somewhat easy"
"896","No","No","No","No","Don't know","Don't know"
"897","No","No","No","No","Don't know","Very difficult"
"898","Yes","Yes","Yes","Yes","Yes","Very easy"
"899","No","Yes","No","No","Yes","Very easy"
"900","No","Yes","No","No","Yes","Somewhat difficult"
"901","Yes","Yes","No","Yes","Yes","Somewhat difficult"
"902","Yes","No","Yes","Yes","Don't know","Don't know"
"903","Yes","Yes","Yes","No","Don't know","Don't know"
"904","Yes","Yes","Don't know","Don't know","Don't know","Don't know"
"905","Yes","Yes","Yes","Yes","Yes","Don't know"
"906","No","No","No","No","Don't know","Somewhat easy"
"907","Yes","Yes","No","Yes","Don't know","Don't know"
"908","No","No","No","No","Don't know","Very easy"
"909","Don't know","Yes","No","Yes","Don't know","Somewhat easy"
"910","Yes","Yes","No","No","Yes","Somewhat easy"
"911","No","No","No","No","Don't know","Somewhat difficult"
"912","No","Yes","No","No","Yes","Somewhat easy"
"913","No","No","No","No","Yes","Somewhat difficult"
"914","Yes","Yes","Yes","Yes","Yes","Very easy"
"915","Don't know","Not sure","No","Don't know","Don't know","Don't know"
"916","Don't know","Not sure","No","Don't know","Don't know","Somewhat easy"
"917","Yes","Yes","No","Yes","Yes","Somewhat difficult"
"918","Yes","No","No","No","Don't know","Don't know"
"919","No","Yes","Don't know","No","Yes","Somewhat difficult"
"920","Yes","No","Don't know","Don't know","Don't know","Very easy"
"921","Yes","No","Yes","No","Don't know","Don't know"
"922","Yes","Not sure","No","Don't know","Don't know","Don't know"
"923","Yes","Yes","Yes","Yes","Don't know","Somewhat easy"
"924","Yes","No","No","No","Yes","Don't know"
"925","Don't know","No","Don't know","Don't know","Don't know","Very easy"
"926","Yes","Not sure","Yes","Yes","Yes","Somewhat difficult"
"927","Don't know","No","No","Yes","Don't know","Very easy"
"928","Yes","Yes","No","Yes","Yes","Very difficult"
"929","No","Not sure","No","No","Don't know","Very difficult"
"930","Don't know","Not sure","No","Yes","Yes","Very difficult"
"931","No","No","No","No","Yes","Very difficult"
"932","Don't know","No","No","Don't know","Don't know","Don't know"
"933","Don't know","No","No","Don't know","Don't know","Don't know"
"934","Yes","Yes","Yes","Yes","Yes","Somewhat easy"
"935","Yes","Yes","Yes","Yes","Yes","Somewhat difficult"
"936","Yes","Yes","Don't know","Don't know","Don't know","Don't know"
"937","Yes","Yes","Yes","Yes","Yes","Very difficult"
"938","Yes","Yes","No","Don't know","Yes","Somewhat easy"
"939","Yes","Yes","Yes","Yes","Don't know","Don't know"
"940","Don't know","No","Don't know","Don't know","Don't know","Somewhat easy"
"941","Yes","Yes","No","No","Yes","Don't know"
"942","Yes","Yes","Yes","Yes","Don't know","Don't know"
"943","Yes","Yes","Yes","Yes","Don't know","Somewhat easy"
"944","Yes","Yes","Don't know","Yes","Don't know","Very difficult"
"945","Yes","Yes","Don't know","Don't know","Yes","Very easy"
"946","No","Yes","No","No","Yes","Very easy"
"947","Don't know","Yes","No","No","No","Somewhat easy"
"948","No","No","No","No","Don't know","Very difficult"
"949","Don't know","No","No","Don't know","Don't know","Don't know"
"950","No","No","No","No","Yes","Don't know"
"951","Don't know","Not sure","Yes","No","Yes","Somewhat easy"
"952","Don't know","No","No","Don't know","Don't know","Don't know"
"953","Yes","Yes","Yes","Yes","Yes","Very easy"
"954","Yes","Not sure","Don't know","Don't know","Don't know","Don't know"
"955","Don't know","Not sure","Don't know","Don't know","Don't know","Don't know"
"956","Don't know","No","No","No","Don't know","Very easy"
"957","No","Yes","No","No","Yes","Somewhat easy"
"958","Don't know","No","No","No","Don't know","Somewhat difficult"
"959","Don't know","Not sure","No","No","Don't know","Don't know"
"960","Yes","Yes","Yes","Yes","Don't know","Somewhat easy"
"961","No","Yes","No","No","No","Very difficult"
"962","No","No","No","No","Don't know","Very easy"
"963","Don't know","Not sure","Don't know","Don't know","Don't know","Very easy"
"964","Don't know","No","No","No","Don't know","Don't know"
"965","No","Yes","Yes","Yes","Yes","Very easy"
"966","No","Not sure","No","No","Don't know","Very difficult"
"967","No","Yes","No","No","No","Very difficult"
"968","Don't know","Not sure","No","Don't know","Don't know","Don't know"
"969","Yes","Yes","Yes","Yes","Yes","Don't know"
"970","Don't know","Not sure","No","No","Don't know","Somewhat easy"
"971","Don't know","No","Don't know","Don't know","Don't know","Don't know"
"972","Yes","Yes","Yes","Yes","Yes","Somewhat easy"
"973","Yes","Yes","Don't know","No","Yes","Somewhat easy"
"974","Yes","No","No","No","No","Somewhat easy"
"975","No","No","No","No","Don't know","Somewhat easy"
"976","No","No","No","No","Don't know","Don't know"
"977","No","Yes","No","No","Yes","Somewhat easy"
"978","Yes","Yes","No","Yes","No","Somewhat easy"
"979","Don't know","Not sure","No","Don't know","Don't know","Don't know"
"980","Yes","Not sure","Yes","No","Yes","Very easy"
"981","No","No","No","No","Don't know","Very easy"
"982","Don't know","Not sure","No","No","Don't know","Somewhat difficult"
"983","No","No","No","No","No","Somewhat difficult"
"984","Yes","Not sure","Yes","Yes","Yes","Somewhat easy"
"985","No","No","No","No","Yes","Somewhat easy"
"986","Yes","No","No","Yes","Don't know","Very easy"
"987","Yes","Yes","Yes","Don't know","Yes","Very easy"
"988","No","Yes","No","No","Yes","Very easy"
"989","Don't know","No","No","No","Don't know","Don't know"
"990","Don't know","Not sure","No","Don't know","Don't know","Somewhat easy"
"991","Yes","Yes","No","No","Yes","Very easy"
"992","Yes","Not sure","No","Don't know","Don't know","Don't know"
"993","No","No","No","No","Don't know","Don't know"
"994","No","No","No","No","Don't know","Don't know"
"995","Yes","Yes","No","Don't know","Yes","Somewhat easy"
"996","Don't know","No","No","Don't know","Don't know","Don't know"
"997","Yes","Yes","No","No","Yes","Very easy"
"998","Don't know","No","No","Don't know","Don't know","Don't know"
"999","No","Yes","No","No","Yes","Very easy"
"1000","Don't know","No","No","Don't know","Don't know","Very easy"
"1001","Yes","Yes","No","Yes","Yes","Very easy"
"1002","Don't know","No","No","No","Don't know","Don't know"
"1003","No","Yes","No","No","Yes","Somewhat easy"
"1004","Don't know","Not sure","No","No","Don't know","Don't know"
"1005","Yes","Yes","Yes","Yes","Yes","Don't know"
"1006","No","Yes","Don't know","Don't know","Yes","Somewhat easy"
"1007","Yes","Yes","No","Don't know","Don't know","Somewhat difficult"
"1008","Don't know","Not sure","Don't know","Don't know","Don't know","Don't know"
"1009","Yes","Not sure","Yes","Yes","Yes","Don't know"
"1010","Don't know","Not sure","No","No","Yes","Very easy"
"1011","Don't know","Not sure","No","No","Don't know","Somewhat easy"
"1012","Yes","Yes","Yes","Yes","Don't know","Don't know"
"1013","Yes","No","No","No","Don't know","Don't know"
"1014","Don't know","No","No","No","Don't know","Somewhat easy"
"1015","Don't know","No","No","No","Don't know","Somewhat easy"
"1016","Yes","Yes","Yes","Yes","Yes","Somewhat easy"
"1017","Yes","Yes","Yes","Yes","Don't know","Somewhat easy"
"1018","No","No","No","No","Don't know","Don't know"
"1019","Don't know","No","No","No","Don't know","Somewhat easy"
"1020","Don't know","No","No","Don't know","Don't know","Don't know"
"1021","Yes","Yes","Yes","Yes","Don't know","Don't know"
"1022","Don't know","Not sure","No","No","Don't know","Don't know"
"1023","Yes","Yes","Yes","No","Don't know","Don't know"
"1024","Yes","Not sure","Yes","Don't know","Don't know","Don't know"
"1025","Don't know","Not sure","No","No","Don't know","Don't know"
"1026","Don't know","Not sure","Don't know","Don't know","Yes","Don't know"
"1027","Yes","Not sure","Yes","Don't know","Don't know","Don't know"
"1028","No","No","No","No","No","Very difficult"
"1029","Don't know","No","No","Don't know","Don't know","Don't know"
"1030","No","Yes","No","No","Don't know","Don't know"
"1031","No","No","No","No","Yes","Don't know"
"1032","Don't know","No","Don't know","Don't know","Yes","Don't know"
"1033","No","Not sure","No","No","Don't know","Very easy"
"1034","No","No","No","No","Don't know","Don't know"
"1035","Don't know","No","No","No","Don't know","Somewhat easy"
"1036","Yes","No","Don't know","Yes","Yes","Don't know"
"1037","Yes","Yes","No","Yes","Don't know","Don't know"
"1038","Yes","Yes","No","No","Yes","Don't know"
"1039","Yes","Yes","No","No","Don't know","Don't know"
"1040","Yes","Not sure","No","No","Yes","Don't know"
"1041","No","Not sure","No","No","Don't know","Somewhat easy"
"1042","No","No","No","No","Don't know","Somewhat easy"
"1043","No","Yes","Yes","Yes","Yes","Very difficult"
"1044","No","Yes","Yes","Yes","Yes","Somewhat difficult"
"1045","Yes","Yes","No","No","Don't know","Don't know"
"1046","No","No","No","No","Don't know","Somewhat difficult"
"1047","Don't know","Not sure","No","No","Yes","Very easy"
"1048","Don't know","Not sure","Don't know","Don't know","Don't know","Very easy"
"1049","Don't know","No","No","Don't know","Don't know","Don't know"
"1050","Yes","Yes","No","Don't know","Yes","Very easy"
"1051","Don't know","No","No","Don't know","Don't know","Don't know"
"1052","Don't know","No","No","No","No","Very easy"
"1053","Yes","Not sure","Don't know","Don't know","Don't know","Don't know"
"1054","Yes","Yes","Don't know","Yes","Yes","Very easy"
"1055","Yes","No","No","No","Don't know","Somewhat easy"
"1056","Don't know","Not sure","No","No","Yes","Very difficult"
"1057","Don't know","No","No","No","Yes","Somewhat difficult"
"1058","Don't know","No","No","No","Don't know","Somewhat easy"
"1059","No","No","No","No","Don't know","Somewhat easy"
"1060","Don't know","No","No","No","Yes","Don't know"
"1061","Yes","Not sure","Don't know","Don't know","Don't know","Somewhat easy"
"1062","Yes","Yes","No","Don't know","Don't know","Somewhat difficult"
"1063","Yes","Yes","Yes","Yes","Yes","Don't know"
"1064","No","No","No","No","Don't know","Very difficult"
"1065","No","No","No","No","Don't know","Don't know"
"1066","Yes","Not sure","No","Yes","Don't know","Don't know"
"1067","Yes","Yes","Yes","Yes","Don't know","Don't know"
"1068","Don't know","No","No","No","Don't know","Don't know"
"1069","Yes","Yes","No","No","Don't know","Somewhat easy"
"1070","Yes","Yes","Yes","Yes","Yes","Don't know"
"1071","Yes","Not sure","No","Don't know","Don't know","Don't know"
"1072","Yes","Yes","Yes","Yes","Yes","Very difficult"
"1073","Yes","Yes","No","Don't know","Don't know","Don't know"
"1074","No","No","No","No","Yes","Very difficult"
"1075","No","Yes","No","No","Yes","Very easy"
"1076","Don't know","Not sure","Don't know","Yes","Don't know","Very difficult"
"1077","Yes","No","No","No","Don't know","Somewhat difficult"
"1078","Don't know","No","Yes","Don't know","Don't know","Somewhat easy"
"1079","Yes","Yes","Yes","Yes","Yes","Somewhat easy"
"1080","Don't know","No","No","No","Yes","Very easy"
"1081","Don't know","No","No","No","Don't know","Somewhat difficult"
"1082","Yes","Not sure","Yes","Yes","Don't know","Don't know"
"1083","Yes","Yes","Yes","Don't know","Yes","Don't know"
"1084","Yes","Yes","Don't know","Don't know","Don't know","Don't know"
"1085","Yes","Yes","No","Don't know","Don't know","Somewhat easy"
"1086","No","Yes","No","No","Don't know","Very difficult"
"1087","Yes","Yes","Yes","Don't know","Yes","Don't know"
"1088","Yes","No","No","Yes","Yes","Very easy"
"1089","No","Yes","No","No","No","Very difficult"
"1090","Don't know","No","No","No","Don't know","Very easy"
"1091","Yes","Not sure","Yes","Don't know","Don't know","Somewhat difficult"
"1092","Don't know","Not sure","Yes","Don't know","Yes","Somewhat easy"
"1093","Don't know","No","No","Don't know","Don't know","Don't know"
"1094","Yes","Not sure","No","Yes","Don't know","Don't know"
"1095","Don't know","Not sure","No","No","Don't know","Don't know"
"1096","No","Yes","No","No","No","Very difficult"
"1097","Don't know","No","No","No","Don't know","Somewhat easy"
"1098","Yes","No","No","No","Don't know","Don't know"
"1099","No","Yes","No","Don't know","Don't know","Somewhat easy"
"1100","No","No","No","No","Don't know","Don't know"
"1101","No","No","Don't know","Don't know","Don't know","Very easy"
"1102","Yes","Yes","Don't know","Don't know","Don't know","Don't know"
"1103","No","No","No","No","No","Very easy"
"1104","Yes","Yes","No","Don't know","Yes","Very easy"
"1105","Yes","No","No","No","Yes","Somewhat easy"
"1106","No","Not sure","No","No","Don't know","Don't know"
"1107","Don't know","No","Don't know","Don't know","Don't know","Very easy"
"1108","Yes","Not sure","Don't know","Don't know","Don't know","Somewhat easy"
"1109","Yes","Yes","No","No","Yes","Don't know"
"1110","Don't know","Not sure","No","Don't know","Don't know","Very easy"
"1111","Don't know","Yes","No","Don't know","Don't know","Don't know"
"1112","Yes","Yes","Yes","Yes","Yes","Somewhat easy"
"1113","No","Yes","No","No","Don't know","Don't know"
"1114","No","Yes","Yes","Yes","Yes","Very easy"
"1115","No","No","No","Yes","Don't know","Don't know"
"1116","Don't know","Not sure","No","Don't know","Don't know","Very easy"
"1117","Don't know","No","Don't know","Don't know","Don't know","Don't know"
"1118","Don't know","Not sure","Don't know","Don't know","Yes","Don't know"
"1119","No","No","No","No","Don't know","Don't know"
"1120","Don't know","Not sure","Don't know","Don't know","Don't know","Don't know"
"1121","No","No","No","No","Yes","Somewhat easy"
"1122","Yes","No","No","No","Yes","Somewhat easy"
"1123","Yes","Yes","No","No","Don't know","Don't know"
"1124","No","No","No","No","Don't know","Don't know"
"1125","Yes","Yes","No","No","Yes","Somewhat easy"
"1126","No","Yes","No","Yes","No","Somewhat difficult"
"1127","No","Yes","No","Yes","No","Somewhat difficult"
"1128","No","No","No","No","Yes","Somewhat easy"
"1129","No","No","No","No","Yes","Very easy"
"1130","No","No","No","No","Don't know","Somewhat difficult"
"1131","Don't know","Not sure","No","No","Don't know","Somewhat easy"
"1132","Don't know","No","No","Don't know","Don't know","Don't know"
"1133","No","Yes","No","No","Yes","Very difficult"
"1134","Don't know","Not sure","Don't know","Don't know","Don't know","Don't know"
"1135","No","No","No","No","Don't know","Somewhat easy"
"1136","No","Yes","No","No","Yes","Don't know"
"1137","No","Yes","Yes","Yes","Yes","Somewhat difficult"
"1138","Don't know","No","No","No","Don't know","Don't know"
"1139","No","Not sure","Don't know","Don't know","Don't know","Very easy"
"1140","No","No","No","No","Yes","Very easy"
"1141","Yes","Yes","No","Yes","Don't know","Somewhat easy"
"1142","Yes","Not sure","No","Don't know","Don't know","Don't know"
"1143","Yes","Yes","Yes","Yes","Yes","Somewhat difficult"
"1144","No","No","No","No","Don't know","Don't know"
"1145","Don't know","Not sure","No","Don't know","Don't know","Don't know"
"1146","Yes","Yes","Yes","Yes","Yes","Very easy"
"1147","Don't know","Not sure","No","No","Don't know","Somewhat easy"
"1148","Don't know","Not sure","No","No","Don't know","Very easy"
"1149","Don't know","Not sure","Don't know","Don't know","Don't know","Very easy"
"1150","Don't know","Not sure","No","Don't know","Don't know","Somewhat easy"
"1151","No","Yes","No","No","Don't know","Don't know"
"1152","Don't know","No","No","Don't know","Don't know","Don't know"
"1153","Yes","Yes","No","No","Don't know","Don't know"
"1154","Yes","No","No","Yes","Don't know","Don't know"
"1155","Don't know","Not sure","No","No","Don't know","Don't know"
"1156","Don't know","No","No","Don't know","Don't know","Somewhat easy"
"1157","Yes","Yes","No","No","Yes","Don't know"
"1158","Yes","No","Yes","Don't know","Don't know","Don't know"
"1159","Yes","Yes","Yes","Yes","Don't know","Don't know"
"1160","Don't know","Not sure","No","No","Don't know","Don't know"
"1161","No","No","No","No","No","Very difficult"
"1162","Yes","Yes","No","Don't know","Don't know","Don't know"
"1163","Don't know","Not sure","No","No","Don't know","Don't know"
"1164","Yes","No","Yes","Yes","Don't know","Don't know"
"1165","Yes","Yes","No","Yes","Yes","Somewhat easy"
"1166","No","No","No","No","Don't know","Very difficult"
"1167","No","No","No","No","Don't know","Very difficult"
"1168","Don't know","No","No","No","Don't know","Somewhat difficult"
"1169","Yes","No","No","No","Don't know","Don't know"
"1170","No","No","No","Don't know","Don't know","Don't know"
"1171","No","Yes","No","No","Don't know","Somewhat easy"
"1172","No","No","No","No","Don't know","Don't know"
"1173","Yes","Yes","No","No","Yes","Don't know"
"1174","Yes","Yes","Yes","Yes","Yes","Don't know"
"1175","Yes","Not sure","Don't know","Yes","Don't know","Somewhat easy"
"1176","No","No","No","No","Yes","Don't know"
"1177","No","Yes","No","No","Don't know","Very difficult"
"1178","Don't know","Not sure","Don't know","Don't know","Don't know","Don't know"
"1179","Don't know","Not sure","Don't know","Don't know","Don't know","Don't know"
"1180","Yes","No","No","No","Don't know","Don't know"
"1181","Don't know","Not sure","No","No","Yes","Very easy"
"1182","Yes","Yes","No","No","Yes","Don't know"
"1183","Yes","Yes","No","Yes","Yes","Don't know"
"1184","Yes","Not sure","Yes","Yes","Yes","Don't know"
"1185","Don't know","No","No","No","Don't know","Somewhat easy"
"1186","Don't know","Not sure","Don't know","Don't know","Yes","Don't know"
"1187","Don't know","Not sure","No","No","Don't know","Don't know"
"1188","Yes","Yes","Yes","No","Yes","Don't know"
"1189","Don't know","No","No","No","No","Don't know"
"1190","No","No","No","No","Don't know","Somewhat difficult"
"1191","Yes","Not sure","No","Don't know","Don't know","Very difficult"
"1192","Don't know","Not sure","No","Don't know","Don't know","Don't know"
"1193","No","Yes","No","No","Don't know","Don't know"
"1194","Yes","No","No","No","Don't know","Somewhat easy"
"1195","No","Yes","No","No","No","Don't know"
"1196","Don't know","Not sure","No","No","Don't know","Somewhat easy"
"1197","No","No","No","No","Don't know","Don't know"
"1198","No","No","No","No","Don't know","Somewhat easy"
"1199","Don't know","Not sure","No","No","Don't know","Somewhat easy"
"1200","No","Yes","No","No","No","Very easy"
"1201","No","Yes","No","No","Don't know","Somewhat easy"
"1202","Don't know","Not sure","No","No","Don't know","Somewhat difficult"
"1203","No","No","No","No","Don't know","Don't know"
"1204","Don't know","Not sure","No","No","Don't know","Don't know"
"1205","No","Yes","No","Yes","Yes","Somewhat difficult"
"1206","Don't know","No","No","No","Don't know","Very difficult"
"1207","Yes","Yes","No","No","Yes","Don't know"
"1208","No","Not sure","No","No","Don't know","Somewhat easy"
"1209","Don't know","Not sure","No","Yes","Don't know","Don't know"
"1210","No","Yes","No","No","No","Somewhat difficult"
"1211","No","Not sure","No","No","Don't know","Somewhat easy"
"1212","Yes","No","Yes","Yes","Yes","Very easy"
"1213","Don't know","No","No","No","Don't know","Don't know"
"1214","Don't know","Not sure","Don't know","Don't know","Don't know","Don't know"
"1215","Don't know","Yes","Don't know","Yes","No","Somewhat easy"
"1216","Don't know","No","No","No","Don't know","Somewhat easy"
"1217","Yes","Yes","No","Yes","Don't know","Somewhat easy"
"1218","No","Yes","Yes","No","Don't know","Don't know"
"1219","Yes","Not sure","Yes","Don't know","Don't know","Somewhat easy"
"1220","Yes","Yes","Don't know","Yes","Yes","Don't know"
"1221","Don't know","Yes","No","No","Don't know","Somewhat easy"
"1222","No","No","No","No","Yes","Don't know"
"1223","No","Yes","No","Yes","Yes","Very easy"
"1224","No","No","No","No","Don't know","Don't know"
"1225","Yes","Yes","Yes","Yes","Yes","Very easy"
"1226","No","Yes","No","No","Don't know","Don't know"
"1227","Don't know","No","No","Don't know","Don't know","Don't know"
"1228","Yes","Yes","Yes","Don't know","Don't know","Don't know"
"1229","Don't know","No","Yes","Don't know","Don't know","Somewhat easy"
"1230","No","Yes","No","No","Yes","Don't know"
"1231","Yes","Yes","Yes","Yes","Yes","Somewhat easy"
"1232","Don't know","No","No","No","Don't know","Don't know"
"1233","Don't know","No","No","No","Yes","Somewhat easy"
"1234","No","No","No","No","Don't know","Somewhat easy"
"1235","Don't know","No","No","Don't know","Don't know","Don't know"
"1236","Yes","Yes","No","Yes","Don't know","Don't know"
"1237","No","No","No","Don't know","Don't know","Don't know"
"1238","Yes","Yes","Yes","Yes","Yes","Don't know"
"1239","Yes","Not sure","Don't know","Yes","Don't know","Somewhat easy"
"1240","No","No","No","No","No","Very difficult"
"1241","Yes","No","No","Don't know","Don't know","Don't know"
"1242","Yes","Yes","Don't know","No","Yes","Very easy"
"1243","Yes","Not sure","Yes","Yes","Don't know","Don't know"
"1244","No","Yes","No","No","Don't know","Somewhat easy"
"1245","Yes","Yes","Yes","No","Yes","Don't know"
"1246","Don't know","No","Yes","Yes","Don't know","Somewhat easy"
"1247","No","No","No","No","Don't know","Somewhat easy"
"1248","Yes","Yes","No","No","Yes","Somewhat difficult"
"1249","Yes","Yes","No","No","Don't know","Somewhat difficult"
"1250","No","Yes","No","No","Don't know","Don't know"
"1251","Yes","Yes","No","No","Yes","Don't know"
