"","mental_health_consequence","phys_health_consequence","coworkers","supervisor","mental_health_interview","phys_health_interview","mental_vs_physical","obs_consequence"
"1","No","No","Some of them","Yes","No","Maybe","Yes","No"
"2","Maybe","No","No","No","No","No","Don't know","No"
"3","No","No","Yes","Yes","Yes","Yes","No","No"
"4","Yes","Yes","Some of them","No","Maybe","Maybe","No","Yes"
"5","No","No","Some of them","Yes","Yes","Yes","Don't know","No"
"6","No","No","Yes","Yes","No","Maybe","Don't know","No"
"7","Maybe","Maybe","Some of them","No","No","No","Don't know","No"
"8","No","No","No","No","No","No","No","No"
"9","Maybe","No","Yes","Yes","No","Maybe","No","No"
"10","No","No","Yes","Yes","Maybe","Maybe","Yes","No"
"11","No","No","Some of them","Yes","No","No","Don't know","No"
"12","No","No","Yes","Yes","Yes","Yes","Don't know","No"
"13","Yes","Yes","Yes","Yes","Maybe","Maybe","No","Yes"
"14","No","No","Yes","Yes","No","No","Don't know","No"
"15","No","No","Some of them","Some of them","Maybe","Yes","Yes","No"
"16","No","No","Yes","Some of them","Maybe","Maybe","Don't know","No"
"17","Maybe","No","Some of them","No","Maybe","Maybe","No","No"
"18","Maybe","No","Some of them","Yes","No","No","No","No"
"19","No","No","Yes","Yes","No","Yes","Yes","Yes"
"20","No","No","Some of them","Some of them","Maybe","Maybe","Don't know","No"
"21","Maybe","No","Some of them","Some of them","No","No","No","No"
"22","No","No","Some of them","Some of them","No","Maybe","Yes","No"
"23","Maybe","No","Some of them","Yes","No","Maybe","No","No"
"24","Maybe","No","No","No","No","Yes","Don't know","No"
"25","No","No","Yes","Yes","No","Yes","Don't know","No"
"26","Yes","No","Some of them","Yes","No","Yes","No","No"
"27","Maybe","Maybe","Some of them","No","No","No","Don't know","No"
"28","No","No","Yes","Yes","Maybe","Maybe","Yes","No"
"29","No","No","Some of them","No","No","No","No","No"
"30","Yes","Maybe","Some of them","No","No","Maybe","No","No"
"31","Yes","Yes","Some of them","Some of them","No","Maybe","No","No"
"32","Yes","No","No","No","No","No","No","Yes"
"33","Maybe","No","Some of them","Yes","No","Yes","Don't know","No"
"34","Maybe","No","Some of them","Some of them","Maybe","Yes","Don't know","No"
"35","Maybe","No","Some of them","No","No","Maybe","Yes","No"
"36","No","No","Yes","Yes","Maybe","Maybe","Don't know","No"
"37","Yes","Maybe","Some of them","No","No","No","Don't know","No"
"38","Maybe","No","Some of them","Some of them","No","Maybe","No","No"
"39","No","No","Some of them","Yes","No","Maybe","Don't know","No"
"40","No","No","Yes","Yes","Maybe","Maybe","Yes","No"
"41","Maybe","Maybe","Some of them","No","No","Yes","No","Yes"
"42","Yes","Yes","Some of them","No","No","Maybe","Don't know","No"
"43","Maybe","No","Some of them","No","No","No","Yes","No"
"44","Yes","Maybe","No","Some of them","No","No","No","No"
"45","No","No","No","No","No","Maybe","Don't know","No"
"46","No","No","Some of them","Yes","No","No","Yes","No"
"47","No","Maybe","Some of them","Yes","Maybe","Yes","Don't know","No"
"48","No","No","Yes","Yes","Maybe","Yes","Don't know","No"
"49","No","No","Yes","Yes","No","No","Yes","No"
"50","Maybe","No","Some of them","Yes","No","No","Don't know","No"
"51","Maybe","No","No","No","No","Maybe","Don't know","No"
"52","No","No","Some of them","Yes","Maybe","Maybe","Don't know","No"
"53","Maybe","Maybe","Some of them","Some of them","Maybe","Maybe","Don't know","No"
"54","Maybe","No","Some of them","Yes","No","No","Don't know","No"
"55","No","No","No","No","No","Maybe","Don't know","No"
"56","Maybe","No","No","No","No","No","Don't know","No"
"57","No","No","Yes","Yes","No","No","Yes","No"
"58","No","Maybe","Some of them","Yes","Yes","Yes","No","No"
"59","No","No","Some of them","Yes","Maybe","Yes","Don't know","No"
"60","Yes","No","No","No","No","Maybe","Don't know","No"
"61","Yes","Maybe","Some of them","No","No","Maybe","Don't know","Yes"
"62","No","No","Yes","Yes","Maybe","Yes","Yes","No"
"63","No","No","Yes","Yes","Maybe","Maybe","Yes","No"
"64","Yes","No","No","No","No","No","No","Yes"
"65","No","No","Some of them","Yes","No","Maybe","Don't know","No"
"66","Yes","Maybe","Some of them","No","No","No","No","Yes"
"67","No","No","Some of them","Yes","No","Maybe","Yes","No"
"68","Maybe","No","Some of them","Some of them","Maybe","Yes","Yes","No"
"69","Maybe","No","Some of them","No","No","Maybe","Don't know","No"
"70","Maybe","No","Some of them","No","No","No","Don't know","No"
"71","Maybe","No","Some of them","Some of them","No","No","Don't know","No"
"72","No","No","Some of them","Yes","No","No","Don't know","No"
"73","Maybe","No","Yes","Yes","No","No","No","No"
"74","No","No","Some of them","Yes","Maybe","Yes","Yes","No"
"75","Maybe","No","Some of them","Some of them","No","Maybe","Yes","No"
"76","Yes","No","No","No","No","Maybe","No","No"
"77","No","No","Yes","Yes","Maybe","Yes","Yes","No"
"78","No","No","Yes","Yes","Maybe","Maybe","Yes","No"
"79","Yes","No","Some of them","No","No","Yes","No","No"
"80","No","No","Some of them","Some of them","Maybe","Yes","Yes","No"
"81","No","No","Yes","Some of them","Maybe","Maybe","Yes","No"
"82","No","No","Some of them","Yes","Maybe","Maybe","Yes","No"
"83","No","No","Some of them","Yes","No","No","No","No"
"84","Maybe","Maybe","Some of them","Yes","No","Maybe","Yes","No"
"85","Yes","No","No","No","No","Maybe","No","No"
"86","No","No","Some of them","Yes","Maybe","Maybe","No","No"
"87","Maybe","No","Some of them","No","No","Maybe","No","Yes"
"88","Yes","Maybe","Some of them","Some of them","No","No","Don't know","No"
"89","Maybe","No","Some of them","Some of them","No","Maybe","No","Yes"
"90","No","No","Some of them","Some of them","No","No","Don't know","No"
"91","No","No","Some of them","Yes","No","No","Yes","No"
"92","No","No","Yes","Yes","Yes","Yes","No","No"
"93","Maybe","No","Some of them","No","No","Maybe","Don't know","No"
"94","No","No","Yes","Yes","Yes","Yes","Don't know","No"
"95","Maybe","No","Some of them","Yes","No","Maybe","Don't know","No"
"96","No","No","Yes","Yes","Maybe","Maybe","No","No"
"97","Maybe","Maybe","Some of them","No","No","Maybe","Don't know","No"
"98","No","No","Some of them","Yes","Maybe","Yes","No","No"
"99","Maybe","No","Some of them","No","No","Maybe","No","No"
"100","No","No","Yes","Yes","Maybe","Maybe","Yes","No"
"101","Yes","No","No","No","No","Maybe","No","Yes"
"102","Maybe","Maybe","No","Some of them","No","No","Don't know","No"
"103","No","No","Some of them","Yes","No","No","Don't know","No"
"104","No","No","Some of them","Yes","Maybe","Maybe","Yes","No"
"105","No","No","Some of them","Yes","No","No","Don't know","No"
"106","No","No","Some of them","Yes","No","No","Don't know","No"
"107","No","No","Some of them","Yes","No","Maybe","No","No"
"108","Maybe","No","Yes","Yes","No","No","Don't know","Yes"
"109","Maybe","No","No","No","No","No","Don't know","No"
"110","Maybe","No","Some of them","Yes","No","Maybe","Yes","No"
"111","Yes","No","No","No","No","Yes","No","No"
"112","No","No","Some of them","Some of them","No","Maybe","Yes","No"
"113","No","No","Yes","Yes","Yes","Yes","Yes","No"
"114","Maybe","No","Some of them","Some of them","No","No","Don't know","No"
"115","Maybe","No","Some of them","No","No","Maybe","Don't know","No"
"116","No","No","Some of them","Some of them","No","No","Don't know","Yes"
"117","Yes","No","Some of them","Yes","No","Maybe","No","No"
"118","Maybe","No","Some of them","Yes","No","No","Don't know","No"
"119","No","No","Some of them","No","No","No","Don't know","No"
"120","No","No","Some of them","Yes","Maybe","Maybe","Don't know","No"
"121","Yes","Yes","No","No","No","No","Don't know","No"
"122","No","No","Some of them","Yes","No","No","Don't know","No"
"123","No","No","Yes","Yes","No","Maybe","Yes","No"
"124","Maybe","No","No","No","No","No","Don't know","No"
"125","Maybe","No","Some of them","Yes","No","Maybe","No","Yes"
"126","Yes","No","Some of them","No","No","Yes","Don't know","No"
"127","No","No","Some of them","Some of them","No","No","Don't know","No"
"128","Yes","No","No","Yes","No","No","Don't know","No"
"129","Maybe","Maybe","No","No","No","No","Yes","No"
"130","Yes","Yes","Some of them","No","No","No","Don't know","No"
"131","Maybe","No","Yes","Some of them","No","Yes","No","No"
"132","Maybe","No","Yes","Some of them","No","Yes","Don't know","No"
"133","No","No","Yes","Yes","Maybe","Maybe","Don't know","No"
"134","No","No","Yes","Yes","Maybe","Yes","No","No"
"135","No","No","Some of them","Yes","Maybe","Yes","Don't know","No"
"136","Yes","Maybe","No","No","No","No","Don't know","No"
"137","No","No","Some of them","Yes","Maybe","Maybe","Yes","No"
"138","No","No","Yes","Yes","No","No","Don't know","No"
"139","Maybe","No","Some of them","No","No","No","Don't know","No"
"140","No","No","Some of them","Some of them","No","No","Don't know","No"
"141","Maybe","No","Some of them","Yes","No","No","Don't know","No"
"142","Yes","Yes","Some of them","No","No","Maybe","Yes","No"
"143","Yes","No","Some of them","No","No","Maybe","Don't know","No"
"144","Maybe","Maybe","Some of them","Some of them","No","Maybe","Don't know","No"
"145","Maybe","Maybe","Some of them","Yes","Maybe","Maybe","Don't know","No"
"146","Maybe","Maybe","No","Some of them","No","No","Don't know","No"
"147","Yes","Yes","No","No","No","No","No","No"
"148","Yes","No","Some of them","No","No","No","No","Yes"
"149","Maybe","No","No","Some of them","No","Maybe","Don't know","No"
"150","Maybe","No","Some of them","Some of them","Maybe","Maybe","Don't know","No"
"151","No","No","Some of them","Some of them","No","Maybe","No","No"
"152","No","No","Yes","Yes","Maybe","Yes","Yes","No"
"153","No","No","Some of them","Some of them","Maybe","Maybe","Don't know","No"
"154","Yes","Maybe","Some of them","No","No","Yes","No","Yes"
"155","Maybe","No","Some of them","Some of them","No","Maybe","No","No"
"156","No","No","No","Some of them","No","Maybe","Don't know","No"
"157","Yes","Maybe","Some of them","Yes","No","Maybe","No","No"
"158","Maybe","No","Some of them","Yes","No","No","Don't know","Yes"
"159","Maybe","No","Some of them","No","No","No","Don't know","Yes"
"160","Maybe","Maybe","Some of them","Some of them","No","Maybe","Don't know","Yes"
"161","Yes","Yes","Some of them","Some of them","No","No","Don't know","No"
"162","No","No","Some of them","Some of them","No","No","Don't know","No"
"163","Maybe","No","Some of them","Yes","No","No","Don't know","No"
"164","No","No","Some of them","Yes","No","Yes","Yes","No"
"165","No","No","Yes","Yes","No","Maybe","Yes","No"
"166","Maybe","No","Some of them","Some of them","No","Maybe","Don't know","No"
"167","Maybe","No","Yes","Yes","No","Maybe","No","No"
"168","Yes","No","No","No","No","Maybe","No","No"
"169","Maybe","Maybe","Some of them","Some of them","No","Maybe","Don't know","No"
"170","No","No","Yes","Yes","No","No","Don't know","No"
"171","Maybe","No","Some of them","Yes","No","Maybe","Don't know","No"
"172","Yes","Maybe","No","No","Maybe","Maybe","No","No"
"173","Maybe","Maybe","Some of them","Yes","No","Maybe","Yes","No"
"174","No","No","Some of them","Yes","No","No","No","No"
"175","Maybe","No","No","Some of them","No","Maybe","Don't know","No"
"176","No","No","Some of them","Some of them","Maybe","Maybe","Yes","No"
"177","No","No","Yes","Yes","No","No","Yes","Yes"
"178","No","No","Yes","Yes","No","No","Yes","No"
"179","No","No","Yes","Yes","No","Maybe","Don't know","No"
"180","Maybe","Maybe","No","Yes","Maybe","Yes","No","No"
"181","Maybe","Maybe","Some of them","Some of them","No","No","Don't know","No"
"182","No","No","Yes","Yes","Maybe","Maybe","Don't know","No"
"183","Yes","Yes","Some of them","Some of them","No","No","Don't know","No"
"184","Yes","Maybe","No","No","No","No","No","No"
"185","Yes","No","Some of them","No","Maybe","Yes","No","No"
"186","Maybe","No","Some of them","Yes","Maybe","Yes","Yes","No"
"187","No","No","Some of them","No","No","Maybe","Yes","No"
"188","No","No","Some of them","Yes","Maybe","Yes","Don't know","No"
"189","Maybe","No","No","No","No","No","Don't know","No"
"190","Maybe","Maybe","Some of them","Some of them","No","Maybe","Don't know","Yes"
"191","Maybe","Maybe","Some of them","No","No","Maybe","No","No"
"192","Yes","Maybe","No","No","No","Maybe","Don't know","No"
"193","No","No","Some of them","Yes","No","No","Don't know","No"
"194","Yes","Yes","Some of them","No","No","No","No","Yes"
"195","Maybe","Maybe","Some of them","Some of them","No","Maybe","Don't know","No"
"196","Maybe","Maybe","Some of them","No","No","No","Don't know","No"
"197","No","No","Some of them","Yes","No","Maybe","No","No"
"198","Maybe","Maybe","Some of them","Some of them","No","Maybe","Yes","No"
"199","Maybe","Maybe","Some of them","No","No","Maybe","Don't know","No"
"200","No","No","Some of them","Some of them","No","No","Yes","No"
"201","Maybe","No","Some of them","Yes","No","No","Yes","No"
"202","Maybe","Maybe","Some of them","Some of them","Maybe","Maybe","Don't know","No"
"203","Yes","No","No","No","No","Yes","Don't know","No"
"204","No","No","Yes","Yes","No","No","Yes","No"
"205","Yes","Maybe","No","No","No","No","No","Yes"
"206","No","No","Some of them","Some of them","Maybe","Maybe","Yes","No"
"207","Maybe","No","Yes","Yes","No","Maybe","Don't know","No"
"208","No","No","Some of them","Yes","No","No","Don't know","No"
"209","Yes","Maybe","No","No","No","Maybe","Don't know","No"
"210","No","No","Some of them","Yes","No","No","Yes","No"
"211","Yes","Maybe","Some of them","Yes","No","Maybe","Don't know","No"
"212","Yes","No","No","No","No","Maybe","Don't know","No"
"213","Yes","Maybe","Some of them","Some of them","No","Maybe","No","Yes"
"214","No","No","Yes","Yes","No","Yes","Yes","No"
"215","No","No","Some of them","No","No","No","Don't know","No"
"216","No","No","Some of them","Yes","Maybe","Yes","Yes","No"
"217","No","No","Some of them","Some of them","No","No","Yes","No"
"218","Maybe","No","Some of them","No","No","No","Don't know","No"
"219","Yes","No","No","Some of them","No","No","Don't know","No"
"220","No","No","Yes","Yes","Maybe","Maybe","Yes","No"
"221","No","No","Yes","Yes","Yes","Yes","Don't know","No"
"222","No","No","Some of them","Some of them","No","Maybe","Don't know","No"
"223","Yes","No","No","Some of them","No","No","No","No"
"224","No","No","No","Yes","No","Yes","Yes","No"
"225","No","No","Yes","Yes","Maybe","Yes","Yes","No"
"226","No","No","Some of them","Yes","No","Maybe","Yes","No"
"227","Yes","Yes","No","No","No","Maybe","Yes","No"
"228","Maybe","No","Some of them","No","Maybe","Maybe","Yes","No"
"229","Maybe","No","Some of them","Some of them","No","Maybe","Yes","No"
"230","Maybe","No","Some of them","Some of them","No","Maybe","Don't know","Yes"
"231","Maybe","Maybe","Some of them","No","Maybe","Maybe","No","No"
"232","Yes","No","No","No","No","Maybe","No","No"
"233","Maybe","Maybe","Some of them","Yes","No","Maybe","No","No"
"234","No","No","Some of them","Some of them","No","No","Yes","No"
"235","Yes","Maybe","No","No","No","Maybe","No","No"
"236","Maybe","No","Some of them","Some of them","No","Yes","Don't know","No"
"237","No","No","Some of them","Yes","No","Yes","No","Yes"
"238","No","No","Some of them","Some of them","No","Maybe","Yes","No"
"239","No","No","Some of them","Yes","No","No","No","Yes"
"240","No","No","Some of them","Yes","Maybe","Maybe","No","No"
"241","Maybe","No","Some of them","Some of them","No","Maybe","No","Yes"
"242","No","No","Some of them","Yes","No","No","Don't know","No"
"243","Maybe","No","Some of them","Yes","No","Yes","No","No"
"244","No","No","Some of them","Yes","Maybe","Maybe","Yes","No"
"245","Yes","Maybe","No","No","No","Maybe","No","Yes"
"246","Maybe","No","No","No","No","Maybe","Don't know","No"
"247","No","No","Yes","Yes","Maybe","Yes","Yes","No"
"248","Maybe","No","Yes","Yes","No","Yes","Don't know","No"
"249","Maybe","No","Some of them","No","Maybe","Yes","Don't know","No"
"250","Maybe","No","Some of them","Some of them","No","Yes","Yes","No"
"251","No","No","Some of them","Yes","No","Maybe","Yes","Yes"
"252","No","No","Some of them","Yes","No","Maybe","Yes","No"
"253","Maybe","Maybe","Yes","Yes","No","No","Don't know","No"
"254","No","No","Yes","Yes","Maybe","Maybe","Don't know","No"
"255","Yes","No","No","No","No","Maybe","Don't know","No"
"256","Maybe","Maybe","Some of them","Some of them","No","Maybe","Yes","No"
"257","No","No","Some of them","Yes","No","No","Yes","No"
"258","Yes","No","Some of them","Some of them","No","Yes","No","No"
"259","Yes","Maybe","No","No","No","Yes","No","Yes"
"260","Maybe","Maybe","Yes","No","No","Maybe","Don't know","No"
"261","Yes","Yes","Some of them","Some of them","No","Maybe","No","No"
"262","No","No","Yes","Yes","Maybe","No","Yes","No"
"263","Maybe","No","Some of them","Some of them","No","Yes","No","No"
"264","Maybe","No","Yes","Yes","Yes","Yes","Don't know","No"
"265","No","No","Some of them","Yes","No","Maybe","Don't know","No"
"266","No","No","Yes","Yes","Yes","Yes","Yes","No"
"267","Maybe","Maybe","Yes","Some of them","Maybe","Maybe","Don't know","Yes"
"268","Maybe","No","Some of them","Some of them","No","Yes","Don't know","No"
"269","No","No","Yes","Yes","No","No","Don't know","No"
"270","No","No","Some of them","Some of them","No","Maybe","No","No"
"271","No","No","Some of them","Yes","Maybe","Maybe","Yes","No"
"272","No","No","Some of them","Yes","No","No","Yes","No"
"273","Maybe","Maybe","Yes","Some of them","No","No","Don't know","No"
"274","Yes","No","No","No","No","Maybe","No","No"
"275","No","No","Some of them","Yes","No","No","Don't know","No"
"276","Maybe","No","Some of them","No","No","No","Don't know","No"
"277","Maybe","Maybe","No","Some of them","No","No","Don't know","No"
"278","Maybe","No","Some of them","Some of them","No","No","Yes","No"
"279","Maybe","No","Some of them","No","No","Maybe","No","No"
"280","Maybe","No","Some of them","Yes","No","Yes","No","Yes"
"281","Yes","No","No","No","No","Maybe","Don't know","No"
"282","Yes","No","No","No","No","Maybe","Don't know","No"
"283","Yes","No","No","Some of them","No","Maybe","Don't know","No"
"284","No","No","Some of them","Some of them","No","Yes","No","No"
"285","Maybe","Maybe","Yes","Yes","Yes","Yes","Yes","No"
"286","Maybe","No","Some of them","Some of them","No","No","Don't know","No"
"287","No","No","Some of them","Some of them","No","Maybe","Yes","No"
"288","No","Maybe","Some of them","No","No","No","Don't know","Yes"
"289","Maybe","No","Some of them","No","No","No","Don't know","No"
"290","No","No","Yes","Yes","No","No","Yes","No"
"291","Yes","Maybe","Some of them","Some of them","No","No","Don't know","No"
"292","Maybe","No","Some of them","Some of them","No","Maybe","Don't know","No"
"293","Maybe","No","Some of them","Some of them","No","No","Don't know","No"
"294","No","Maybe","Yes","Some of them","No","Maybe","Don't know","No"
"295","Maybe","Maybe","Some of them","No","No","Maybe","No","No"
"296","No","No","Yes","Yes","No","Yes","Yes","No"
"297","No","No","Some of them","Yes","Maybe","Maybe","Yes","No"
"298","Yes","No","No","No","No","Maybe","Don't know","No"
"299","No","No","Some of them","Yes","Maybe","Maybe","Don't know","No"
"300","No","No","Some of them","Some of them","No","No","Yes","No"
"301","No","No","Yes","Yes","No","No","Yes","No"
"302","No","No","Some of them","Yes","No","Maybe","Don't know","No"
"303","Yes","No","Some of them","Yes","No","No","Yes","No"
"304","No","No","Some of them","Yes","No","No","Yes","No"
"305","Maybe","No","Some of them","Some of them","Maybe","Maybe","Yes","No"
"306","Maybe","No","Some of them","Yes","No","No","Don't know","No"
"307","No","No","Some of them","Some of them","No","No","Don't know","Yes"
"308","No","No","Some of them","Yes","No","No","Don't know","No"
"309","Maybe","No","Some of them","Yes","No","Maybe","Don't know","No"
"310","Yes","Maybe","No","No","No","Maybe","Don't know","No"
"311","No","No","Some of them","Yes","No","No","Don't know","No"
"312","Maybe","No","Some of them","Yes","No","No","Yes","No"
"313","Yes","No","No","No","No","No","No","No"
"314","No","No","Yes","Yes","Maybe","Maybe","Yes","No"
"315","Maybe","Maybe","Some of them","Some of them","No","No","Don't know","No"
"316","Maybe","No","No","No","No","Maybe","Don't know","No"
"317","No","No","Some of them","Yes","Maybe","Maybe","Yes","No"
"318","Maybe","No","No","Some of them","No","No","Yes","Yes"
"319","Maybe","Maybe","Some of them","Some of them","No","No","Don't know","No"
"320","No","No","Some of them","Yes","Maybe","Maybe","Yes","No"
"321","Yes","No","Some of them","Some of them","No","Maybe","No","No"
"322","No","No","Some of them","Yes","Maybe","Maybe","Yes","No"
"323","Maybe","No","Some of them","No","No","Maybe","Don't know","No"
"324","Maybe","No","No","No","No","No","Don't know","No"
"325","Maybe","No","No","No","No","Maybe","Don't know","No"
"326","Maybe","Maybe","No","Some of them","No","No","Don't know","No"
"327","No","No","Yes","Yes","No","No","Yes","No"
"328","Maybe","No","Some of them","Some of them","No","Maybe","Don't know","No"
"329","Yes","Yes","No","No","Maybe","No","Yes","Yes"
"330","No","No","Some of them","Some of them","No","Maybe","Yes","No"
"331","Yes","Maybe","Some of them","No","No","No","No","No"
"332","Maybe","No","No","No","No","Yes","No","No"
"333","No","No","No","No","No","No","Don't know","No"
"334","Maybe","Maybe","Some of them","Some of them","Maybe","Maybe","No","No"
"335","No","No","Some of them","Some of them","Maybe","Maybe","Don't know","No"
"336","Yes","Maybe","No","No","No","Maybe","Don't know","No"
"337","Maybe","Maybe","Some of them","Some of them","No","No","Don't know","No"
"338","Yes","No","No","No","No","Maybe","Don't know","No"
"339","No","No","Some of them","Yes","No","Maybe","Yes","No"
"340","No","No","Yes","Yes","No","No","No","No"
"341","Yes","Maybe","Some of them","Some of them","No","Maybe","No","No"
"342","Yes","No","No","No","No","Maybe","No","No"
"343","Maybe","No","Some of them","Some of them","No","No","Don't know","No"
"344","Yes","Maybe","No","No","No","Maybe","No","No"
"345","No","No","Some of them","Yes","No","No","Don't know","No"
"346","No","No","Yes","Yes","Maybe","Yes","Don't know","No"
"347","No","No","No","Yes","No","No","Don't know","No"
"348","Maybe","No","Some of them","No","No","Maybe","Don't know","No"
"349","Maybe","No","Some of them","Some of them","No","No","Yes","No"
"350","Maybe","No","Yes","Yes","Maybe","Maybe","Don't know","No"
"351","No","No","No","No","No","Yes","Yes","No"
"352","No","No","Some of them","Yes","No","Maybe","Yes","No"
"353","Maybe","No","Some of them","No","No","No","Don't know","No"
"354","No","No","Some of them","Yes","No","No","No","No"
"355","No","No","Some of them","No","No","No","No","No"
"356","Maybe","No","Some of them","Some of them","No","No","Don't know","No"
"357","Maybe","Maybe","No","No","No","No","Don't know","No"
"358","Yes","Yes","Some of them","Some of them","No","Maybe","Don't know","No"
"359","No","No","Yes","Yes","Maybe","Maybe","Yes","No"
"360","Maybe","No","Some of them","Some of them","No","No","Don't know","No"
"361","No","No","Yes","Yes","No","Maybe","Yes","No"
"362","Maybe","No","Some of them","Yes","No","Yes","No","No"
"363","No","No","Some of them","Yes","No","Yes","Yes","No"
"364","Maybe","Maybe","No","No","No","No","No","No"
"365","No","No","Some of them","Yes","No","No","Don't know","No"
"366","No","No","Some of them","Some of them","No","No","Don't know","No"
"367","No","No","Yes","Yes","Maybe","Maybe","Don't know","No"
"368","Yes","No","Some of them","No","No","Maybe","No","No"
"369","No","No","No","Some of them","No","No","Yes","No"
"370","Maybe","No","Yes","Some of them","No","Maybe","No","Yes"
"371","No","No","Yes","Yes","No","No","Yes","No"
"372","Maybe","No","Some of them","Yes","No","Maybe","Yes","No"
"373","Yes","No","Some of them","No","No","Yes","Don't know","No"
"374","Maybe","No","No","Some of them","No","Maybe","Don't know","No"
"375","Yes","Maybe","No","No","No","No","No","No"
"376","Maybe","No","Some of them","Yes","No","No","Yes","No"
"377","Maybe","Maybe","Some of them","Some of them","No","No","Yes","No"
"378","Maybe","No","No","No","No","No","Don't know","No"
"379","No","No","Some of them","Some of them","No","No","Don't know","No"
"380","No","No","Some of them","Yes","No","Maybe","Yes","No"
"381","No","No","Yes","Yes","No","No","Don't know","No"
"382","No","No","Yes","Yes","No","Yes","No","No"
"383","Yes","Yes","Some of them","No","No","No","No","No"
"384","Maybe","Maybe","No","Yes","No","No","Don't know","No"
"385","No","No","Some of them","Yes","Maybe","Maybe","Don't know","No"
"386","Yes","No","Some of them","No","No","Maybe","No","No"
"387","Yes","No","Some of them","No","No","Maybe","Don't know","No"
"388","Maybe","No","Some of them","No","No","Yes","Don't know","No"
"389","Maybe","Maybe","No","No","No","No","Don't know","No"
"390","Yes","No","Some of them","No","No","No","Don't know","No"
"391","No","No","Yes","Yes","No","No","Yes","No"
"392","Yes","Maybe","No","No","No","Maybe","No","Yes"
"393","Maybe","No","Some of them","Some of them","No","No","Don't know","No"
"394","Maybe","Maybe","No","No","No","No","No","No"
"395","Maybe","Maybe","Some of them","Yes","No","Maybe","No","Yes"
"396","Maybe","No","No","Some of them","No","Maybe","Don't know","No"
"397","Maybe","No","Some of them","Some of them","No","Maybe","Yes","No"
"398","Maybe","No","Some of them","Yes","No","No","No","No"
"399","Maybe","No","Some of them","No","No","Maybe","No","No"
"400","No","No","Some of them","Yes","No","Maybe","No","No"
"401","Maybe","Maybe","Some of them","Some of them","No","Maybe","No","Yes"
"402","Maybe","No","Some of them","Some of them","Maybe","Maybe","Don't know","No"
"403","No","No","Some of them","Yes","Maybe","Maybe","No","No"
"404","Yes","Maybe","Yes","Some of them","No","No","Yes","No"
"405","Yes","No","Some of them","No","No","Maybe","Yes","No"
"406","No","No","Yes","Yes","Maybe","No","Don't know","No"
"407","Yes","Maybe","No","No","No","No","Don't know","No"
"408","Yes","No","No","No","No","No","No","No"
"409","Yes","Maybe","No","No","No","Maybe","No","No"
"410","No","No","Some of them","Some of them","No","Maybe","Don't know","Yes"
"411","Yes","Maybe","No","No","No","Yes","Yes","No"
"412","No","No","Some of them","Some of them","No","No","Yes","No"
"413","Maybe","No","Some of them","Yes","No","No","Don't know","No"
"414","No","No","Yes","Yes","Maybe","Maybe","No","No"
"415","No","No","Some of them","Yes","Maybe","Maybe","No","No"
"416","No","No","Yes","Yes","No","Maybe","Don't know","No"
"417","Yes","Maybe","No","No","No","No","No","Yes"
"418","No","No","Yes","Yes","No","No","Yes","No"
"419","No","No","Some of them","No","No","Yes","Don't know","No"
"420","No","No","Yes","Yes","Yes","Yes","Yes","No"
"421","No","No","Some of them","Yes","No","No","Don't know","No"
"422","Maybe","No","No","No","No","No","Don't know","No"
"423","No","No","Some of them","Some of them","Maybe","Maybe","Yes","No"
"424","Yes","No","Some of them","Some of them","No","Maybe","No","Yes"
"425","Maybe","No","Some of them","No","No","No","Don't know","No"
"426","No","No","Yes","No","No","Yes","Don't know","No"
"427","No","No","Some of them","Some of them","Yes","Yes","Yes","No"
"428","Maybe","No","Some of them","Yes","No","No","Yes","No"
"429","Yes","No","No","Some of them","No","Yes","Yes","No"
"430","Yes","Maybe","Some of them","Some of them","Yes","Yes","Don't know","No"
"431","Maybe","No","Yes","Yes","No","Maybe","Don't know","No"
"432","Maybe","Maybe","Some of them","Some of them","No","No","Don't know","No"
"433","No","No","Some of them","Yes","No","No","Don't know","No"
"434","No","No","Some of them","Yes","No","No","Don't know","Yes"
"435","No","No","Some of them","Yes","No","No","Don't know","No"
"436","Maybe","No","Some of them","No","No","Maybe","Don't know","No"
"437","No","No","Yes","Yes","Maybe","Maybe","Yes","No"
"438","Maybe","Maybe","No","No","No","Maybe","No","No"
"439","Maybe","No","No","No","No","No","Don't know","No"
"440","Maybe","No","Some of them","Yes","Maybe","Yes","Yes","Yes"
"441","No","No","Some of them","Yes","No","No","Yes","No"
"442","No","No","Yes","Yes","No","No","Yes","No"
"443","Yes","No","Some of them","Some of them","No","Maybe","No","Yes"
"444","Maybe","No","Some of them","Some of them","No","Maybe","Don't know","Yes"
"445","Yes","Maybe","Some of them","Some of them","No","No","No","Yes"
"446","No","No","Some of them","Yes","No","No","Don't know","No"
"447","Maybe","Maybe","Some of them","Some of them","No","No","Don't know","No"
"448","No","No","Yes","Yes","Maybe","Maybe","Yes","No"
"449","Yes","Maybe","No","Some of them","No","Maybe","Yes","No"
"450","Yes","No","Some of them","No","No","No","No","Yes"
"451","Yes","Yes","Some of them","No","No","No","Don't know","No"
"452","Yes","No","No","No","No","Yes","Don't know","No"
"453","No","No","Yes","Yes","Maybe","Yes","Don't know","No"
"454","Maybe","No","Some of them","Some of them","No","Maybe","No","No"
"455","Yes","No","No","No","No","Maybe","Don't know","No"
"456","Maybe","No","Some of them","No","No","Yes","Yes","No"
"457","Maybe","Maybe","Some of them","Some of them","No","No","Don't know","No"
"458","No","No","Some of them","Yes","Maybe","Maybe","Yes","No"
"459","Maybe","No","Some of them","Yes","No","No","Yes","No"
"460","Yes","Maybe","Some of them","No","No","No","Don't know","No"
"461","Maybe","Maybe","Some of them","No","No","Maybe","No","No"
"462","Yes","No","Some of them","Yes","No","Maybe","Yes","No"
"463","Maybe","Maybe","Some of them","Yes","No","Maybe","Yes","No"
"464","Maybe","No","Some of them","Yes","No","Maybe","No","No"
"465","Yes","Maybe","No","Some of them","No","Maybe","No","No"
"466","Maybe","No","Yes","Yes","Maybe","Maybe","No","No"
"467","Yes","No","Some of them","No","No","Maybe","Don't know","No"
"468","No","No","Some of them","Yes","No","No","Yes","No"
"469","Maybe","No","Some of them","Yes","No","Yes","Yes","No"
"470","Yes","No","No","No","No","Maybe","No","No"
"471","Yes","No","Some of them","Some of them","No","Maybe","No","Yes"
"472","Maybe","No","Some of them","Yes","No","Maybe","Don't know","No"
"473","Maybe","Maybe","No","No","No","Maybe","Don't know","No"
"474","Yes","Maybe","Some of them","No","No","No","No","Yes"
"475","No","Maybe","Yes","Yes","Maybe","Yes","Don't know","No"
"476","Yes","No","No","No","No","Maybe","Don't know","No"
"477","Maybe","No","Some of them","Yes","No","Maybe","Don't know","No"
"478","No","No","Yes","Yes","Maybe","Yes","Yes","No"
"479","Yes","Maybe","No","No","No","Yes","Don't know","No"
"480","Maybe","Maybe","Some of them","Some of them","Maybe","Maybe","Don't know","No"
"481","Maybe","No","Some of them","No","No","Maybe","Don't know","No"
"482","Maybe","No","No","No","No","Maybe","Don't know","No"
"483","Maybe","No","Some of them","Some of them","No","Yes","No","Yes"
"484","Yes","Maybe","Some of them","No","No","Maybe","Don't know","No"
"485","No","No","Yes","Yes","No","No","Yes","No"
"486","Maybe","No","Some of them","Yes","No","Maybe","Yes","No"
"487","Maybe","Maybe","Some of them","Some of them","No","No","No","No"
"488","No","No","No","Some of them","No","No","Yes","No"
"489","No","No","Some of them","Some of them","No","No","Don't know","No"
"490","Yes","No","Some of them","No","No","Maybe","No","Yes"
"491","No","No","Some of them","Some of them","No","No","Don't know","Yes"
"492","Maybe","No","Some of them","No","No","No","Don't know","No"
"493","Maybe","No","Some of them","Some of them","No","No","Yes","Yes"
"494","Yes","Maybe","Some of them","No","No","No","No","Yes"
"495","Yes","No","Some of them","No","No","Maybe","No","Yes"
"496","No","No","Yes","Yes","Maybe","Maybe","No","No"
"497","No","No","Some of them","Some of them","No","Maybe","Yes","No"
"498","Maybe","Maybe","No","No","No","No","No","No"
"499","Yes","Maybe","Some of them","No","No","Maybe","No","Yes"
"500","No","No","No","Some of them","No","Maybe","Don't know","No"
"501","No","No","Yes","Yes","No","Yes","Don't know","No"
"502","Yes","Maybe","No","No","No","Maybe","No","No"
"503","Maybe","No","Some of them","No","No","No","Yes","No"
"504","Maybe","No","Yes","Yes","Maybe","Yes","No","No"
"505","No","No","Yes","Yes","Maybe","Maybe","Yes","No"
"506","No","No","Some of them","Yes","No","Yes","Yes","No"
"507","No","No","Some of them","Yes","No","Maybe","Yes","No"
"508","No","No","Some of them","Some of them","No","No","Don't know","No"
"509","Maybe","No","Some of them","No","No","No","Yes","No"
"510","Maybe","No","No","No","No","Maybe","Don't know","No"
"511","No","No","Yes","Yes","No","No","Yes","No"
"512","Yes","No","No","No","No","No","No","No"
"513","Maybe","No","Some of them","No","No","No","Don't know","No"
"514","No","No","Some of them","Yes","No","Maybe","Yes","No"
"515","Maybe","No","Yes","Yes","No","No","No","Yes"
"516","Yes","Yes","Some of them","Some of them","No","Maybe","No","No"
"517","Maybe","Maybe","Yes","Yes","No","No","No","No"
"518","Maybe","No","Some of them","Yes","Maybe","Maybe","Yes","No"
"519","Maybe","Maybe","Some of them","Some of them","No","No","Don't know","No"
"520","Maybe","Maybe","No","No","No","No","No","No"
"521","Maybe","Yes","No","No","No","No","Don't know","Yes"
"522","Maybe","No","Some of them","Yes","No","Yes","Yes","No"
"523","Maybe","Maybe","Some of them","Some of them","No","No","Yes","No"
"524","No","No","Some of them","Some of them","Maybe","Maybe","Yes","No"
"525","Yes","Yes","No","No","No","No","Don't know","Yes"
"526","No","No","No","Some of them","No","No","Yes","No"
"527","Maybe","Maybe","Some of them","Yes","No","No","Yes","No"
"528","No","No","Some of them","Yes","No","Yes","Don't know","No"
"529","No","No","Yes","Yes","Yes","Yes","No","No"
"530","Yes","Maybe","No","No","No","Maybe","No","No"
"531","No","No","Some of them","Yes","Maybe","Maybe","Yes","No"
"532","Yes","Maybe","No","No","No","Maybe","Don't know","No"
"533","Yes","No","Some of them","Some of them","No","No","No","No"
"534","Yes","No","Some of them","Yes","No","No","No","No"
"535","Maybe","No","No","No","No","No","No","No"
"536","Maybe","Maybe","Some of them","Some of them","No","No","Don't know","No"
"537","No","No","Some of them","Some of them","No","No","No","Yes"
"538","Maybe","No","No","No","No","Maybe","No","No"
"539","No","No","Yes","Yes","No","No","Yes","No"
"540","No","No","Yes","Yes","Yes","Yes","Yes","No"
"541","Yes","Yes","Some of them","Some of them","No","No","No","Yes"
"542","Yes","Yes","Some of them","Some of them","Yes","No","No","Yes"
"543","Maybe","No","No","Some of them","No","Yes","Yes","No"
"544","No","No","Yes","Yes","Maybe","Maybe","Yes","No"
"545","Yes","No","Some of them","Yes","No","Yes","No","No"
"546","No","No","Some of them","Yes","No","Maybe","Yes","No"
"547","Maybe","No","Some of them","Some of them","Maybe","Yes","Don't know","No"
"548","Maybe","No","Some of them","Some of them","No","Maybe","Don't know","No"
"549","No","No","Some of them","Yes","Maybe","Yes","Don't know","No"
"550","Maybe","No","Some of them","Some of them","No","No","Yes","No"
"551","Maybe","No","Some of them","Some of them","No","No","Yes","No"
"552","Maybe","Maybe","Some of them","Some of them","No","Yes","Don't know","No"
"553","Maybe","No","Some of them","Some of them","No","No","Don't know","No"
"554","No","No","Some of them","Yes","No","Maybe","Yes","No"
"555","Yes","No","Some of them","No","No","Maybe","Don't know","No"
"556","No","No","Some of them","Yes","Maybe","Yes","Yes","No"
"557","Maybe","Maybe","Some of them","Some of them","No","No","Yes","No"
"558","Maybe","No","Some of them","No","No","No","Yes","No"
"559","No","No","Some of them","No","No","No","Yes","No"
"560","No","No","Some of them","Yes","Maybe","Yes","Yes","No"
"561","No","No","Some of them","Some of them","No","No","Don't know","No"
"562","No","No","Some of them","Some of them","No","No","No","No"
"563","Maybe","No","Some of them","No","No","Maybe","No","No"
"564","Yes","Maybe","Yes","Yes","No","Maybe","Don't know","No"
"565","No","No","Yes","Some of them","Maybe","Yes","Don't know","No"
"566","Maybe","No","No","Some of them","No","Yes","No","No"
"567","Maybe","Maybe","Some of them","No","No","No","Don't know","No"
"568","Maybe","No","Some of them","Yes","No","No","Yes","No"
"569","Maybe","Maybe","Yes","Yes","Maybe","Maybe","Don't know","No"
"570","No","No","Some of them","Yes","No","No","Yes","No"
"571","No","No","Yes","Yes","No","No","No","Yes"
"572","No","No","No","No","No","Maybe","No","No"
"573","No","No","Yes","Yes","No","No","Yes","No"
"574","No","No","Yes","Yes","No","Maybe","Don't know","No"
"575","No","No","Some of them","Yes","No","No","Yes","No"
"576","Yes","No","Some of them","No","No","Yes","No","No"
"577","Maybe","No","Some of them","Some of them","No","Maybe","Don't know","No"
"578","Maybe","Maybe","Some of them","Some of them","No","No","Don't know","Yes"
"579","No","No","Some of them","Yes","Maybe","Maybe","Don't know","No"
"580","Maybe","No","Some of them","No","No","Maybe","Don't know","Yes"
"581","No","No","Some of them","Yes","Maybe","Maybe","Yes","No"
"582","Yes","No","Some of them","Yes","No","No","No","No"
"583","Maybe","Maybe","Yes","Yes","Maybe","Maybe","Don't know","No"
"584","Maybe","No","Some of them","No","No","Maybe","No","Yes"
"585","Maybe","No","Some of them","Some of them","No","Maybe","Don't know","Yes"
"586","Maybe","No","Yes","Yes","No","Maybe","Don't know","No"
"587","No","No","Yes","Yes","No","Maybe","Don't know","No"
"588","Maybe","No","Some of them","Some of them","No","Yes","Don't know","Yes"
"589","Yes","No","Some of them","Some of them","No","Maybe","Don't know","No"
"590","Maybe","Maybe","Some of them","No","No","Maybe","Don't know","No"
"591","Maybe","No","Some of them","Some of them","No","No","No","No"
"592","No","No","Some of them","Yes","No","Maybe","Yes","No"
"593","No","No","Some of them","Some of them","No","No","Yes","No"
"594","Yes","Maybe","No","No","No","No","No","Yes"
"595","Yes","No","No","No","No","Maybe","Don't know","No"
"596","No","No","Yes","Yes","No","No","Yes","No"
"597","Yes","Yes","Some of them","No","No","No","No","Yes"
"598","No","No","Some of them","Yes","No","No","Don't know","No"
"599","No","No","Yes","Yes","No","Maybe","Yes","No"
"600","Yes","Yes","No","No","No","No","No","No"
"601","No","No","Yes","Yes","No","No","Yes","No"
"602","Maybe","Maybe","No","No","No","Maybe","No","No"
"603","Maybe","Maybe","Some of them","Some of them","No","No","No","No"
"604","Yes","Maybe","Some of them","Some of them","No","Maybe","Don't know","No"
"605","Maybe","Yes","Some of them","No","No","Maybe","No","No"
"606","No","No","Yes","Yes","No","Maybe","Yes","No"
"607","Yes","No","No","No","No","Maybe","Don't know","No"
"608","No","No","Some of them","Yes","Maybe","Maybe","Yes","No"
"609","No","No","Some of them","Yes","Maybe","Maybe","Yes","No"
"610","Maybe","No","Some of them","No","No","No","No","No"
"611","Maybe","No","Some of them","No","No","Yes","No","Yes"
"612","Yes","Maybe","Some of them","No","No","No","Don't know","No"
"613","No","No","Yes","Yes","No","Maybe","Yes","No"
"614","No","No","Some of them","Some of them","Maybe","Maybe","Yes","No"
"615","Yes","No","Some of them","No","No","Maybe","No","No"
"616","Maybe","Maybe","Some of them","Some of them","Maybe","Maybe","Don't know","No"
"617","No","No","Some of them","Yes","Maybe","Yes","Yes","No"
"618","No","No","Some of them","Some of them","No","Maybe","Don't know","No"
"619","No","Maybe","Some of them","Yes","Maybe","Yes","No","Yes"
"620","Maybe","No","Some of them","Some of them","No","Yes","Don't know","No"
"621","Yes","Maybe","No","No","No","No","Don't know","No"
"622","No","No","Some of them","Some of them","No","No","Don't know","No"
"623","Maybe","No","No","Some of them","No","No","No","No"
"624","Yes","Maybe","Some of them","Some of them","No","Maybe","No","No"
"625","No","No","Some of them","Some of them","No","No","No","No"
"626","Yes","Maybe","Some of them","No","No","Maybe","No","Yes"
"627","Yes","No","Some of them","Some of them","No","No","Don't know","Yes"
"628","Maybe","No","No","Some of them","No","Maybe","Don't know","No"
"629","Yes","Maybe","Some of them","Some of them","No","No","Don't know","No"
"630","No","No","Yes","Yes","Maybe","Maybe","Yes","No"
"631","Maybe","No","Some of them","Yes","No","No","Yes","No"
"632","No","No","Some of them","Yes","No","No","Yes","No"
"633","No","No","Some of them","Some of them","Yes","Yes","Don't know","No"
"634","No","No","Some of them","Yes","Maybe","Maybe","Yes","Yes"
"635","No","No","Some of them","Yes","No","Maybe","Yes","No"
"636","No","No","Some of them","Yes","No","No","Yes","No"
"637","Yes","Yes","No","No","No","No","No","Yes"
"638","No","No","Some of them","Yes","Maybe","Maybe","Yes","No"
"639","Maybe","No","Some of them","Some of them","No","No","Don't know","No"
"640","Yes","No","Some of them","Some of them","No","No","No","Yes"
"641","Yes","Maybe","No","No","No","Maybe","Don't know","Yes"
"642","Maybe","No","Some of them","No","No","No","Don't know","Yes"
"643","Yes","Maybe","No","No","No","Maybe","Don't know","No"
"644","Maybe","No","Some of them","Some of them","No","Maybe","No","No"
"645","No","No","Some of them","Some of them","No","No","Don't know","No"
"646","No","No","Yes","Yes","No","No","Don't know","No"
"647","No","No","No","Some of them","No","Yes","Don't know","No"
"648","No","No","Some of them","Some of them","No","Maybe","Don't know","No"
"649","Maybe","Maybe","No","No","No","No","No","No"
"650","No","No","Some of them","Yes","Yes","Yes","Don't know","Yes"
"651","Yes","Maybe","No","No","No","No","Don't know","Yes"
"652","Maybe","No","No","No","No","No","Yes","No"
"653","Maybe","No","Yes","Yes","No","Yes","Don't know","No"
"654","No","Maybe","Some of them","No","No","No","Yes","No"
"655","No","No","Some of them","Yes","No","Maybe","Don't know","No"
"656","Maybe","No","Some of them","Yes","No","Yes","Yes","No"
"657","No","No","Some of them","Yes","Maybe","Maybe","Don't know","No"
"658","No","No","Some of them","Some of them","No","Maybe","Yes","No"
"659","No","No","Some of them","Yes","Maybe","Maybe","Don't know","No"
"660","Maybe","Maybe","Some of them","Some of them","No","No","Don't know","No"
"661","Maybe","No","Some of them","Yes","Maybe","Maybe","Yes","No"
"662","No","No","Some of them","Some of them","No","No","Don't know","No"
"663","Maybe","Maybe","Some of them","No","No","No","No","No"
"664","Maybe","Maybe","Some of them","Some of them","Maybe","Maybe","Yes","Yes"
"665","No","No","No","No","No","No","Don't know","No"
"666","Maybe","Maybe","No","No","No","No","Don't know","No"
"667","No","No","Some of them","Yes","Maybe","Maybe","Don't know","No"
"668","No","No","Some of them","No","No","Maybe","Don't know","No"
"669","Maybe","No","No","No","No","Maybe","Don't know","No"
"670","No","No","Some of them","Some of them","No","No","Yes","No"
"671","Maybe","No","Some of them","No","No","No","Yes","No"
"672","Maybe","Maybe","Some of them","Some of them","No","No","No","No"
"673","No","No","Some of them","Yes","No","Maybe","Don't know","No"
"674","Maybe","Maybe","Some of them","Yes","Maybe","Maybe","Don't know","No"
"675","Yes","No","No","No","No","No","Don't know","No"
"676","No","No","Yes","Yes","Yes","Yes","Yes","No"
"677","No","No","Yes","Yes","No","Maybe","Yes","No"
"678","Maybe","No","Some of them","Some of them","No","Maybe","Don't know","Yes"
"679","No","No","Some of them","Yes","No","No","Don't know","No"
"680","Maybe","Maybe","No","No","No","Maybe","No","No"
"681","No","No","No","Yes","No","Maybe","Don't know","No"
"682","Yes","Maybe","Some of them","No","No","No","Don't know","No"
"683","Yes","Maybe","No","No","No","No","Don't know","No"
"684","No","No","Some of them","Yes","No","No","Yes","No"
"685","Maybe","Maybe","Some of them","Yes","No","No","Yes","No"
"686","Maybe","No","Some of them","No","No","No","Don't know","No"
"687","No","No","Yes","Yes","Maybe","Maybe","Yes","No"
"688","Maybe","Maybe","Some of them","Some of them","No","No","Don't know","No"
"689","No","No","Yes","Yes","No","Maybe","Yes","No"
"690","No","No","Some of them","No","Maybe","Maybe","Don't know","No"
"691","No","No","Some of them","Yes","No","No","Don't know","No"
"692","Yes","No","No","No","No","Yes","No","No"
"693","No","No","No","Yes","No","No","Yes","No"
"694","Maybe","Maybe","Some of them","Some of them","No","Maybe","No","No"
"695","Yes","Maybe","No","No","No","Maybe","No","No"
"696","Maybe","Maybe","Some of them","No","No","No","Yes","No"
"697","Maybe","Maybe","Some of them","No","No","No","Don't know","No"
"698","Maybe","No","Some of them","Yes","No","No","Don't know","No"
"699","No","No","Yes","Yes","No","No","Yes","Yes"
"700","Maybe","No","Yes","Yes","No","No","Don't know","No"
"701","No","No","Some of them","Yes","No","Maybe","Yes","No"
"702","Yes","No","No","No","No","No","No","No"
"703","Maybe","No","Yes","Yes","No","Maybe","No","Yes"
"704","Yes","Yes","Some of them","No","No","No","No","No"
"705","No","No","Yes","Yes","Yes","Yes","Don't know","No"
"706","Yes","No","Some of them","No","No","No","Don't know","No"
"707","No","No","Yes","Yes","Maybe","Maybe","Yes","No"
"708","Maybe","Maybe","Some of them","Yes","No","Maybe","Don't know","No"
"709","No","No","Yes","Yes","No","No","Yes","No"
"710","No","No","Some of them","Yes","No","Maybe","Don't know","No"
"711","Maybe","No","Some of them","Some of them","No","No","No","No"
"712","Yes","Maybe","Some of them","No","No","No","No","No"
"713","Maybe","Maybe","Some of them","Yes","Yes","Yes","Yes","No"
"714","No","No","Yes","Yes","Maybe","Maybe","Yes","No"
"715","No","No","Some of them","Yes","No","Maybe","Yes","No"
"716","No","No","Yes","Yes","No","No","Don't know","No"
"717","Maybe","No","Some of them","Some of them","No","Maybe","Don't know","No"
"718","Yes","No","Some of them","No","No","Yes","No","Yes"
"719","Maybe","Maybe","Yes","Yes","No","Maybe","Don't know","No"
"720","Yes","No","Some of them","Yes","No","No","No","No"
"721","No","No","Some of them","Yes","Maybe","Maybe","Don't know","No"
"722","No","No","Some of them","Some of them","No","Maybe","No","No"
"723","Maybe","Maybe","Some of them","Some of them","No","Maybe","No","No"
"724","Yes","Yes","No","No","No","No","No","No"
"725","No","No","Yes","Yes","No","No","No","No"
"726","Yes","No","Yes","No","No","Maybe","No","Yes"
"727","Yes","No","Yes","Yes","Maybe","Yes","No","No"
"728","Maybe","No","Yes","Some of them","No","No","Don't know","No"
"729","No","No","Yes","Yes","No","No","Don't know","No"
"730","No","No","Yes","Yes","No","No","Don't know","No"
"731","No","No","Yes","Some of them","No","Yes","No","No"
"732","No","No","Some of them","Yes","No","Maybe","Don't know","No"
"733","Maybe","No","Some of them","No","No","Maybe","Don't know","No"
"734","Maybe","No","Yes","Some of them","No","Yes","Yes","No"
"735","Yes","Maybe","No","No","No","Maybe","Don't know","No"
"736","No","No","Some of them","Yes","No","Maybe","Yes","Yes"
"737","Yes","Maybe","No","No","No","No","No","No"
"738","No","No","No","Some of them","No","Yes","Yes","No"
"739","Maybe","No","Some of them","Yes","Maybe","Yes","Don't know","No"
"740","Maybe","Maybe","Some of them","Some of them","Maybe","Maybe","Don't know","No"
"741","No","No","Some of them","Some of them","No","Yes","Don't know","No"
"742","No","No","Some of them","Yes","Maybe","Maybe","Yes","No"
"743","Maybe","No","Some of them","No","Maybe","Maybe","No","No"
"744","No","No","Some of them","Yes","No","No","Yes","No"
"745","No","No","Some of them","Yes","No","Yes","Don't know","No"
"746","No","No","Some of them","Yes","No","No","Don't know","No"
"747","No","No","Some of them","No","No","Maybe","Yes","No"
"748","Maybe","No","Some of them","Some of them","No","No","Don't know","No"
"749","No","No","Some of them","Yes","Maybe","Maybe","Yes","No"
"750","No","No","Some of them","Yes","No","No","Yes","No"
"751","Maybe","No","Some of them","Yes","No","Maybe","Don't know","No"
"752","Maybe","No","No","No","No","No","Don't know","No"
"753","Yes","Maybe","No","No","No","Maybe","No","No"
"754","Maybe","Maybe","No","Some of them","Maybe","Maybe","Yes","No"
"755","Yes","No","Some of them","Some of them","No","Yes","No","Yes"
"756","No","No","No","No","No","No","Yes","No"
"757","Maybe","Maybe","Yes","Some of them","No","Maybe","Yes","No"
"758","No","No","Yes","Yes","Maybe","Maybe","Yes","No"
"759","Yes","Yes","No","No","No","No","No","No"
"760","Yes","No","Some of them","No","No","Maybe","No","No"
"761","No","No","Some of them","Yes","Maybe","Maybe","Yes","No"
"762","Maybe","Yes","Some of them","No","No","No","No","No"
"763","No","No","Some of them","No","Yes","Yes","Don't know","No"
"764","Maybe","Maybe","Some of them","Some of them","No","No","No","No"
"765","No","No","Some of them","Yes","Maybe","Yes","Don't know","No"
"766","Maybe","Maybe","Some of them","Some of them","No","No","Don't know","No"
"767","Maybe","Maybe","Yes","Yes","No","No","Yes","No"
"768","Maybe","No","Some of them","Some of them","No","Yes","Don't know","No"
"769","No","No","Some of them","Some of them","Yes","Yes","No","No"
"770","Yes","No","Some of them","Yes","No","Maybe","No","Yes"
"771","Yes","No","Some of them","Yes","No","Maybe","No","Yes"
"772","Maybe","No","No","No","No","Maybe","No","No"
"773","No","No","Yes","Some of them","Yes","Yes","Yes","Yes"
"774","Maybe","No","Some of them","Yes","No","No","Don't know","No"
"775","No","No","Yes","Yes","Maybe","Maybe","Don't know","No"
"776","No","No","Yes","Yes","Yes","Yes","Don't know","No"
"777","No","No","Yes","Yes","Yes","Yes","Don't know","No"
"778","No","No","Some of them","Yes","No","Maybe","Yes","No"
"779","No","No","Yes","Yes","No","Maybe","Don't know","No"
"780","No","No","Some of them","Yes","No","No","Don't know","No"
"781","Maybe","No","Some of them","Some of them","No","No","No","Yes"
"782","No","No","No","Yes","No","Maybe","No","No"
"783","Maybe","No","Some of them","Some of them","No","Maybe","Don't know","No"
"784","Maybe","No","Yes","Yes","No","No","Don't know","No"
"785","No","No","Some of them","Some of them","No","Maybe","Yes","No"
"786","No","No","Some of them","Yes","No","Maybe","Don't know","Yes"
"787","Maybe","Maybe","Some of them","Some of them","No","No","Don't know","No"
"788","Yes","No","Some of them","Some of them","No","Yes","No","Yes"
"789","Yes","Maybe","No","Some of them","No","Yes","No","Yes"
"790","Yes","Maybe","Some of them","Some of them","No","Maybe","No","Yes"
"791","Maybe","No","Some of them","Yes","No","Maybe","No","Yes"
"792","Yes","No","Some of them","Yes","No","No","Don't know","No"
"793","Maybe","No","Some of them","Yes","Maybe","Yes","No","Yes"
"794","Maybe","No","Some of them","Yes","No","Yes","No","No"
"795","Maybe","No","Some of them","No","No","Maybe","Yes","No"
"796","Yes","Maybe","Yes","Yes","No","Maybe","Don't know","No"
"797","No","No","Some of them","Yes","Maybe","Maybe","Yes","No"
"798","Yes","Maybe","No","No","No","No","Don't know","No"
"799","No","No","Some of them","No","No","No","Yes","No"
"800","Maybe","Maybe","Some of them","Some of them","Maybe","Maybe","Don't know","No"
"801","Yes","Maybe","Some of them","Some of them","No","No","No","Yes"
"802","Maybe","No","Some of them","Yes","No","No","Don't know","Yes"
"803","No","No","No","Some of them","No","Maybe","Yes","No"
"804","No","No","Yes","Yes","Maybe","Maybe","Yes","No"
"805","Maybe","No","Some of them","Some of them","No","Maybe","No","No"
"806","Maybe","No","Some of them","No","No","Maybe","Don't know","No"
"807","No","No","Some of them","Some of them","No","Maybe","No","No"
"808","Yes","No","Some of them","Some of them","No","Yes","No","Yes"
"809","Maybe","Maybe","Some of them","Some of them","No","No","Don't know","No"
"810","Maybe","No","Some of them","No","No","No","Don't know","No"
"811","Yes","No","No","No","No","Yes","Don't know","No"
"812","Maybe","No","Some of them","Yes","No","No","Don't know","No"
"813","Yes","Yes","Some of them","No","No","No","Yes","No"
"814","No","No","Some of them","Some of them","Maybe","Maybe","Yes","No"
"815","No","No","Some of them","Some of them","Maybe","Yes","Yes","No"
"816","Yes","Maybe","Some of them","No","No","No","Don't know","No"
"817","No","No","Some of them","Some of them","Maybe","Yes","Yes","No"
"818","Yes","Yes","No","No","No","No","Don't know","No"
"819","No","No","Some of them","Yes","No","Maybe","Yes","No"
"820","No","No","Some of them","Yes","No","Maybe","Don't know","No"
"821","Yes","Yes","No","Some of them","No","No","No","Yes"
"822","No","No","Some of them","Yes","Maybe","Maybe","Yes","No"
"823","Yes","Maybe","Some of them","No","No","No","Don't know","No"
"824","Maybe","No","Some of them","No","No","Maybe","Don't know","No"
"825","No","No","Some of them","Yes","No","No","Yes","No"
"826","Maybe","No","Some of them","No","No","No","Yes","No"
"827","Maybe","No","Some of them","Some of them","No","Maybe","Don't know","No"
"828","No","No","Some of them","Yes","No","No","Yes","No"
"829","No","No","Yes","Yes","No","Maybe","Don't know","No"
"830","Yes","No","No","No","No","Yes","Don't know","No"
"831","Maybe","No","Some of them","Yes","No","Maybe","No","Yes"
"832","No","No","Some of them","Yes","No","Yes","No","Yes"
"833","Yes","Yes","No","No","No","No","No","No"
"834","Maybe","No","Some of them","Yes","No","Maybe","Don't know","No"
"835","No","No","Some of them","Yes","No","No","No","No"
"836","Maybe","No","Some of them","Yes","No","No","Don't know","No"
"837","No","No","Yes","Yes","No","Maybe","Don't know","Yes"
"838","No","No","Yes","Yes","Maybe","Maybe","Don't know","No"
"839","Maybe","No","Some of them","No","No","No","Don't know","No"
"840","No","No","Some of them","Some of them","No","No","Don't know","No"
"841","Yes","Yes","Some of them","No","No","No","No","No"
"842","Maybe","No","Some of them","No","No","No","Don't know","No"
"843","No","No","Yes","No","No","No","Yes","No"
"844","No","No","Yes","Yes","No","No","Yes","No"
"845","No","No","Some of them","Some of them","No","Maybe","Don't know","No"
"846","Maybe","No","No","No","No","Maybe","Don't know","No"
"847","Maybe","No","No","Some of them","No","No","Don't know","No"
"848","Maybe","No","Some of them","Some of them","No","Maybe","Don't know","No"
"849","Yes","Maybe","Some of them","Some of them","No","Maybe","Don't know","No"
"850","Maybe","No","Some of them","Some of them","No","No","Don't know","No"
"851","No","No","Some of them","Yes","Maybe","Yes","Yes","No"
"852","No","No","Yes","Yes","No","No","Yes","No"
"853","No","No","Some of them","Yes","No","Maybe","Don't know","No"
"854","Maybe","No","Some of them","Yes","No","No","No","No"
"855","Yes","Maybe","Some of them","No","No","No","No","No"
"856","Yes","Maybe","Some of them","No","No","No","No","No"
"857","No","No","Yes","Yes","Maybe","Maybe","Yes","No"
"858","Maybe","No","Some of them","Some of them","Maybe","Maybe","Don't know","No"
"859","Yes","No","Some of them","Yes","No","Maybe","No","No"
"860","Yes","Maybe","No","No","No","Maybe","Yes","No"
"861","Yes","Maybe","No","No","No","Yes","No","Yes"
"862","Maybe","Maybe","Some of them","Some of them","No","No","Don't know","No"
"863","Maybe","Maybe","Some of them","Yes","Maybe","Maybe","No","No"
"864","No","No","Some of them","Some of them","Maybe","Maybe","No","No"
"865","No","No","Some of them","Yes","No","Maybe","Don't know","No"
"866","No","No","Yes","Yes","Yes","Yes","Yes","No"
"867","Maybe","No","Some of them","Some of them","No","Yes","Don't know","Yes"
"868","Maybe","Maybe","Some of them","Some of them","No","Yes","No","Yes"
"869","No","No","Some of them","Yes","No","No","Don't know","No"
"870","Maybe","No","No","No","No","No","No","No"
"871","Yes","No","No","No","No","Maybe","Don't know","No"
"872","Maybe","No","Some of them","Some of them","No","Maybe","No","No"
"873","Maybe","No","No","Some of them","No","Maybe","Don't know","No"
"874","Yes","Maybe","No","No","No","Maybe","Don't know","No"
"875","Maybe","No","No","No","No","No","Don't know","No"
"876","Maybe","No","Some of them","Some of them","No","No","Yes","No"
"877","No","No","Some of them","Yes","Maybe","Maybe","Yes","No"
"878","Maybe","No","Some of them","Yes","No","No","Yes","Yes"
"879","No","No","Some of them","Yes","Yes","Yes","Yes","No"
"880","Maybe","Maybe","Some of them","No","No","Maybe","No","No"
"881","Maybe","No","No","No","No","No","Don't know","No"
"882","No","No","Some of them","Yes","No","No","Don't know","No"
"883","No","No","Some of them","Yes","No","Maybe","No","No"
"884","No","No","Some of them","Yes","No","No","Yes","No"
"885","Maybe","Maybe","Some of them","Yes","Maybe","Maybe","Don't know","Yes"
"886","Maybe","Maybe","Some of them","No","No","Maybe","Don't know","No"
"887","Yes","No","Some of them","No","No","Maybe","Don't know","No"
"888","No","No","Some of them","Yes","No","No","Don't know","No"
"889","Yes","Yes","Some of them","No","Maybe","Maybe","No","No"
"890","Maybe","Maybe","Some of them","Some of them","No","Yes","Don't know","No"
"891","No","No","Some of them","Yes","No","No","Don't know","No"
"892","No","No","Some of them","Yes","No","No","Yes","No"
"893","Maybe","Maybe","Some of them","Some of them","No","No","Don't know","No"
"894","No","No","Some of them","Yes","No","Maybe","Yes","No"
"895","No","No","Some of them","Yes","No","Maybe","No","No"
"896","Yes","Maybe","No","No","No","Maybe","No","No"
"897","Yes","Yes","Some of them","No","No","No","No","Yes"
"898","Maybe","Maybe","Some of them","Some of them","No","No","Yes","Yes"
"899","No","No","No","No","No","Maybe","Yes","No"
"900","No","No","Some of them","Some of them","Maybe","Maybe","Don't know","No"
"901","Yes","Maybe","No","No","No","Maybe","No","Yes"
"902","Yes","Maybe","No","No","No","No","Don't know","No"
"903","Yes","Yes","No","No","No","No","No","No"
"904","Maybe","No","No","No","No","Maybe","Don't know","No"
"905","Maybe","Maybe","Yes","Yes","No","Maybe","Yes","Yes"
"906","Yes","No","Some of them","No","No","Maybe","No","Yes"
"907","Maybe","Maybe","Some of them","No","No","No","Don't know","No"
"908","No","No","Yes","Yes","No","No","Don't know","No"
"909","No","No","Yes","Yes","No","No","Don't know","No"
"910","No","No","Some of them","Yes","No","No","Don't know","No"
"911","Yes","Maybe","Some of them","No","No","Maybe","No","No"
"912","Maybe","Maybe","Some of them","Some of them","Maybe","Maybe","Don't know","No"
"913","No","No","Some of them","Some of them","No","No","Yes","No"
"914","No","No","Some of them","Yes","Maybe","Yes","Yes","No"
"915","Yes","Yes","No","No","No","No","Don't know","No"
"916","No","No","Some of them","Yes","No","Yes","Don't know","No"
"917","Maybe","No","Some of them","Some of them","No","No","No","No"
"918","Maybe","Maybe","Some of them","Some of them","No","No","Yes","No"
"919","Yes","Maybe","Some of them","Some of them","No","Yes","No","Yes"
"920","No","No","Yes","Yes","Yes","Yes","Yes","No"
"921","Yes","Maybe","No","No","No","No","Don't know","No"
"922","Maybe","No","No","Some of them","No","Maybe","No","No"
"923","No","No","Some of them","Some of them","Maybe","Maybe","Yes","No"
"924","No","No","Yes","Yes","Maybe","Maybe","Don't know","No"
"925","No","No","Some of them","Yes","No","No","Don't know","No"
"926","Maybe","Maybe","Some of them","Yes","No","Maybe","Yes","No"
"927","No","No","Some of them","Yes","No","Maybe","Yes","No"
"928","Yes","Maybe","Some of them","No","No","Maybe","No","Yes"
"929","Yes","Yes","No","Some of them","No","Maybe","No","No"
"930","Maybe","No","Some of them","Some of them","Yes","Yes","No","Yes"
"931","Maybe","No","No","No","No","No","No","No"
"932","Yes","Maybe","No","No","No","Maybe","Don't know","No"
"933","No","No","Yes","Yes","Maybe","Maybe","Yes","Yes"
"934","Maybe","No","Some of them","Some of them","No","No","Don't know","No"
"935","Maybe","Maybe","Some of them","Yes","No","Maybe","No","No"
"936","Maybe","No","Some of them","No","No","No","No","No"
"937","Yes","No","Some of them","Some of them","No","Maybe","Don't know","Yes"
"938","Maybe","No","Some of them","Yes","No","No","Yes","No"
"939","Yes","No","Some of them","No","No","No","Don't know","No"
"940","Maybe","No","Some of them","No","No","Maybe","No","No"
"941","Yes","No","Some of them","No","No","No","No","No"
"942","No","No","Some of them","Some of them","No","No","Yes","No"
"943","No","No","Yes","Yes","Maybe","Yes","Yes","No"
"944","Maybe","Maybe","Some of them","Some of them","No","No","Don't know","No"
"945","Maybe","No","Some of them","Some of them","No","No","Don't know","No"
"946","No","No","Yes","Yes","Maybe","Maybe","Yes","No"
"947","Yes","Maybe","Some of them","Yes","No","Maybe","No","Yes"
"948","Yes","Maybe","Some of them","Yes","No","Maybe","No","Yes"
"949","Yes","Maybe","Some of them","No","No","No","Don't know","No"
"950","Maybe","No","Some of them","Yes","Maybe","Maybe","Don't know","No"
"951","No","No","Some of them","Yes","Yes","Yes","Yes","No"
"952","Yes","Maybe","No","No","No","No","No","No"
"953","No","No","Yes","Some of them","No","Maybe","Yes","No"
"954","No","No","Some of them","Some of them","No","Maybe","No","No"
"955","No","No","Some of them","Yes","Maybe","Maybe","Don't know","No"
"956","No","No","No","Yes","No","Maybe","No","No"
"957","No","No","Some of them","Yes","Yes","Yes","Yes","No"
"958","Yes","Maybe","Yes","No","No","Maybe","Don't know","No"
"959","Maybe","No","Some of them","Some of them","No","Maybe","Don't know","No"
"960","Yes","Maybe","No","Some of them","No","Maybe","No","Yes"
"961","Yes","Maybe","Some of them","Some of them","No","Maybe","No","Yes"
"962","Maybe","No","Some of them","Yes","No","Maybe","Yes","No"
"963","No","No","Yes","Yes","No","No","Don't know","No"
"964","Maybe","No","Some of them","No","No","Maybe","Don't know","No"
"965","No","No","Some of them","Yes","No","No","Don't know","No"
"966","Yes","Maybe","No","No","No","Maybe","No","Yes"
"967","Yes","Yes","No","No","No","No","Yes","Yes"
"968","No","No","Yes","Yes","No","Maybe","Don't know","No"
"969","No","No","Yes","Yes","No","No","Yes","No"
"970","No","No","Some of them","Yes","Maybe","Yes","Don't know","No"
"971","No","No","Some of them","Some of them","Maybe","Maybe","Don't know","No"
"972","Maybe","Maybe","Some of them","Some of them","No","Maybe","No","Yes"
"973","Maybe","Maybe","No","Some of them","No","Maybe","Don't know","Yes"
"974","Maybe","No","No","No","No","No","Don't know","No"
"975","Maybe","Maybe","Yes","Yes","No","No","No","No"
"976","Maybe","Maybe","Some of them","Yes","No","Maybe","No","No"
"977","Yes","Maybe","Some of them","Some of them","Maybe","Maybe","Don't know","Yes"
"978","Yes","Yes","Some of them","No","No","No","Don't know","No"
"979","Maybe","No","Some of them","Some of them","No","Yes","Don't know","No"
"980","No","No","Yes","Yes","Maybe","Maybe","Yes","No"
"981","No","No","Yes","Yes","No","Yes","Yes","No"
"982","Yes","Yes","No","No","No","No","No","Yes"
"983","Yes","No","No","No","No","Yes","Yes","No"
"984","No","No","No","No","No","Maybe","Don't know","No"
"985","No","No","Some of them","Yes","No","No","Don't know","No"
"986","No","No","Yes","Yes","No","No","Yes","No"
"987","No","No","Some of them","No","No","No","Yes","No"
"988","Maybe","Maybe","No","No","No","No","Yes","No"
"989","Yes","No","No","No","No","Maybe","Yes","No"
"990","No","No","Some of them","Yes","No","No","Don't know","No"
"991","Maybe","No","Some of them","Yes","No","No","Don't know","No"
"992","Yes","Yes","No","No","No","No","Don't know","No"
"993","Yes","No","No","No","No","No","Don't know","No"
"994","No","No","No","No","No","No","Don't know","No"
"995","No","No","Yes","Yes","Maybe","Maybe","Don't know","No"
"996","Maybe","No","Some of them","Yes","No","Maybe","Don't know","No"
"997","No","No","Yes","Yes","Maybe","Maybe","Don't know","No"
"998","Maybe","No","Some of them","No","Maybe","Maybe","Don't know","Yes"
"999","Yes","Yes","Some of them","Some of them","No","Maybe","Yes","Yes"
"1000","Maybe","No","Yes","Yes","No","No","Yes","No"
"1001","No","No","Yes","Yes","Yes","Yes","Don't know","No"
"1002","Yes","No","Some of them","No","No","Maybe","Don't know","No"
"1003","No","No","Some of them","Yes","Maybe","Yes","Yes","No"
"1004","Yes","No","No","No","No","No","Don't know","No"
"1005","Maybe","No","No","Yes","No","No","Don't know","No"
"1006","Maybe","No","No","Some of them","No","No","Yes","No"
"1007","Yes","Maybe","Some of them","Some of them","No","No","No","Yes"
"1008","No","No","Some of them","Yes","No","No","Don't know","No"
"1009","Yes","Maybe","Some of them","Some of them","No","Maybe","Yes","No"
"1010","Maybe","No","Some of them","Yes","Maybe","Yes","Don't know","No"
"1011","No","No","Yes","Yes","No","Maybe","Yes","No"
"1012","Yes","No","Some of them","Some of them","No","No","No","Yes"
"1013","Maybe","No","Some of them","No","No","Maybe","Don't know","No"
"1014","Yes","No","Some of them","Some of them","No","Yes","Don't know","Yes"
"1015","No","No","Some of them","Some of them","No","Maybe","No","No"
"1016","Maybe","Maybe","Some of them","Some of them","No","No","No","Yes"
"1017","No","No","Yes","Yes","No","Maybe","Yes","No"
"1018","Maybe","Maybe","No","No","No","Maybe","Don't know","No"
"1019","Maybe","No","Some of them","Some of them","No","Maybe","No","No"
"1020","Maybe","Maybe","Some of them","Some of them","No","No","Don't know","No"
"1021","Maybe","No","Some of them","Yes","Maybe","No","Yes","No"
"1022","No","No","Some of them","Yes","Maybe","Maybe","Don't know","No"
"1023","Yes","Yes","No","No","No","No","Don't know","No"
"1024","Maybe","Maybe","Some of them","Yes","No","No","Don't know","No"
"1025","No","No","Some of them","Yes","No","No","Yes","No"
"1026","No","No","Yes","Yes","Maybe","Maybe","Yes","No"
"1027","Yes","Maybe","Some of them","Some of them","No","Maybe","No","No"
"1028","Yes","No","No","No","No","Yes","No","Yes"
"1029","Yes","Maybe","No","No","No","Maybe","Don't know","Yes"
"1030","Maybe","No","No","Some of them","No","No","Don't know","No"
"1031","No","No","Yes","Yes","No","Maybe","Yes","No"
"1032","Yes","No","Some of them","No","No","No","No","No"
"1033","No","No","Some of them","Yes","No","Maybe","Yes","No"
"1034","No","No","No","No","No","No","Don't know","No"
"1035","Yes","No","Some of them","Some of them","No","Maybe","No","No"
"1036","No","No","Some of them","Yes","No","No","Yes","No"
"1037","Yes","No","No","No","No","Maybe","Don't know","No"
"1038","Maybe","No","Some of them","No","No","Maybe","Don't know","No"
"1039","Maybe","No","Some of them","No","No","Yes","No","Yes"
"1040","Maybe","No","Some of them","No","No","Maybe","Don't know","No"
"1041","No","No","Some of them","Yes","No","No","Don't know","No"
"1042","No","No","Some of them","Some of them","No","No","Don't know","Yes"
"1043","No","No","Some of them","Some of them","No","No","Yes","Yes"
"1044","No","No","Yes","Yes","No","Maybe","Yes","Yes"
"1045","No","No","Some of them","Yes","No","Maybe","No","Yes"
"1046","Yes","No","No","Some of them","No","Maybe","No","No"
"1047","No","No","Some of them","Some of them","No","Maybe","No","No"
"1048","No","No","Some of them","Some of them","No","No","Don't know","No"
"1049","Maybe","No","Some of them","No","No","Maybe","No","No"
"1050","No","No","Some of them","Yes","No","No","Yes","No"
"1051","Maybe","No","Some of them","Yes","Maybe","Maybe","Don't know","No"
"1052","Maybe","No","Some of them","Yes","No","Maybe","Yes","No"
"1053","Maybe","No","Some of them","No","No","Maybe","Don't know","No"
"1054","No","No","Some of them","Some of them","No","Yes","Don't know","No"
"1055","No","No","Some of them","Yes","Maybe","Maybe","Don't know","No"
"1056","Maybe","No","Some of them","No","No","Maybe","No","No"
"1057","No","No","No","No","No","No","Don't know","No"
"1058","Maybe","No","Some of them","No","No","Maybe","Don't know","No"
"1059","Maybe","No","Yes","Yes","No","No","Don't know","No"
"1060","No","No","Some of them","Yes","No","Maybe","No","Yes"
"1061","Maybe","Maybe","No","Some of them","No","Maybe","Don't know","No"
"1062","Maybe","No","No","Yes","No","No","Don't know","No"
"1063","Maybe","No","Some of them","Yes","No","Maybe","Don't know","No"
"1064","Yes","Maybe","Some of them","No","No","Maybe","No","No"
"1065","Maybe","Maybe","Some of them","Some of them","No","Maybe","No","No"
"1066","Maybe","No","No","No","No","No","Don't know","No"
"1067","Maybe","Maybe","Some of them","No","No","No","Yes","Yes"
"1068","No","No","Some of them","Yes","No","No","Don't know","No"
"1069","Maybe","No","Some of them","No","No","Maybe","No","No"
"1070","Yes","Yes","No","No","No","Maybe","No","Yes"
"1071","Maybe","Maybe","Some of them","Some of them","No","Maybe","Don't know","No"
"1072","Maybe","No","Yes","Some of them","No","Maybe","No","Yes"
"1073","Yes","Maybe","No","No","No","Maybe","Don't know","No"
"1074","Maybe","No","Some of them","Yes","No","Maybe","No","No"
"1075","Maybe","No","Yes","Yes","No","Maybe","No","No"
"1076","No","Maybe","Yes","Yes","Maybe","No","Yes","No"
"1077","Yes","No","No","No","No","Maybe","No","No"
"1078","No","No","Some of them","Some of them","No","No","Yes","No"
"1079","Maybe","Maybe","Some of them","Some of them","No","Maybe","No","No"
"1080","No","No","Yes","Yes","Maybe","Maybe","Yes","No"
"1081","No","No","Yes","Yes","No","No","Yes","No"
"1082","Yes","Maybe","Some of them","No","No","No","No","No"
"1083","No","No","Some of them","Yes","No","Maybe","Don't know","No"
"1084","Maybe","No","Some of them","Some of them","No","No","Yes","No"
"1085","Maybe","No","Some of them","Some of them","No","Maybe","No","No"
"1086","Yes","No","Yes","Yes","No","Yes","No","No"
"1087","Yes","No","No","No","No","No","Yes","No"
"1088","No","No","No","Yes","No","No","Yes","No"
"1089","No","No","No","No","No","No","No","Yes"
"1090","No","No","Yes","Yes","Maybe","Yes","Yes","No"
"1091","Maybe","No","Some of them","Some of them","No","Maybe","Don't know","Yes"
"1092","No","No","Some of them","Yes","No","Maybe","Yes","No"
"1093","No","No","Yes","Some of them","No","No","Yes","No"
"1094","Maybe","No","Some of them","Yes","Maybe","Yes","Don't know","No"
"1095","Maybe","No","Some of them","No","No","Maybe","Don't know","No"
"1096","Yes","Yes","No","No","No","Maybe","No","Yes"
"1097","No","No","Yes","Some of them","No","No","Yes","No"
"1098","Yes","Maybe","Some of them","No","No","Maybe","Don't know","No"
"1099","Maybe","No","No","Some of them","No","Maybe","Don't know","No"
"1100","Maybe","Maybe","Some of them","Yes","No","No","Don't know","No"
"1101","No","No","Yes","Yes","Maybe","Yes","Yes","No"
"1102","Yes","No","No","No","No","Maybe","Don't know","No"
"1103","Maybe","Maybe","Some of them","Some of them","Maybe","Maybe","Don't know","No"
"1104","No","No","Some of them","Yes","Maybe","Maybe","Yes","No"
"1105","Maybe","Maybe","Yes","Some of them","No","Yes","No","No"
"1106","Maybe","No","Some of them","No","Maybe","Yes","Don't know","No"
"1107","No","No","Yes","Yes","Maybe","Yes","Don't know","No"
"1108","Maybe","No","Some of them","Some of them","No","Maybe","Don't know","No"
"1109","Maybe","No","No","No","No","Maybe","Don't know","Yes"
"1110","Maybe","No","Yes","Some of them","No","Maybe","Don't know","No"
"1111","Yes","Maybe","No","Some of them","No","Maybe","Don't know","No"
"1112","Yes","No","No","Yes","No","Yes","Don't know","No"
"1113","Yes","Yes","No","No","No","No","Don't know","No"
"1114","No","No","Some of them","Yes","No","Yes","No","Yes"
"1115","Maybe","No","Some of them","Some of them","No","No","No","No"
"1116","Maybe","No","Some of them","Some of them","No","Maybe","No","No"
"1117","No","No","Some of them","Some of them","No","Maybe","Don't know","No"
"1118","No","No","No","No","No","No","Yes","No"
"1119","Maybe","No","Yes","Yes","Maybe","Yes","No","Yes"
"1120","No","No","Some of them","Some of them","Maybe","Maybe","Don't know","No"
"1121","Maybe","No","Some of them","Yes","No","Maybe","Yes","No"
"1122","Maybe","No","No","No","No","Yes","No","No"
"1123","Yes","No","Some of them","Some of them","No","Yes","No","No"
"1124","Maybe","No","No","No","No","No","Don't know","Yes"
"1125","Maybe","Maybe","Some of them","No","No","No","Don't know","No"
"1126","Yes","No","No","No","No","Maybe","No","Yes"
"1127","Yes","No","No","No","No","Maybe","No","Yes"
"1128","Maybe","No","Yes","Yes","Maybe","Maybe","No","No"
"1129","No","No","Some of them","Yes","No","Maybe","Yes","No"
"1130","Maybe","Maybe","Some of them","Some of them","Maybe","Maybe","Don't know","No"
"1131","Maybe","No","No","No","No","No","Don't know","No"
"1132","Maybe","No","Some of them","No","No","No","Don't know","No"
"1133","No","No","Yes","Yes","Yes","Yes","Don't know","No"
"1134","Maybe","Maybe","No","No","No","Yes","Don't know","Yes"
"1135","Yes","Maybe","No","No","No","No","Don't know","Yes"
"1136","Maybe","No","No","No","No","Yes","Yes","No"
"1137","No","No","Yes","Yes","No","Yes","Yes","No"
"1138","Maybe","No","No","No","No","No","Don't know","No"
"1139","No","No","Some of them","Yes","Maybe","Yes","Don't know","No"
"1140","Maybe","Maybe","Some of them","Yes","Maybe","Maybe","Yes","No"
"1141","Yes","No","No","Some of them","No","Yes","Don't know","No"
"1142","Maybe","No","No","Some of them","No","Maybe","Don't know","No"
"1143","Maybe","Maybe","Some of them","Some of them","No","No","Don't know","Yes"
"1144","Yes","Maybe","Some of them","No","No","Maybe","Don't know","No"
"1145","No","No","Yes","Yes","No","Maybe","No","No"
"1146","No","No","Some of them","Yes","Maybe","Maybe","Yes","No"
"1147","Yes","No","Some of them","Some of them","No","Maybe","Don't know","No"
"1148","No","No","Yes","Yes","Maybe","Maybe","Yes","No"
"1149","Yes","Yes","Some of them","Some of them","No","No","Don't know","No"
"1150","No","No","Some of them","Some of them","No","No","Don't know","No"
"1151","No","No","No","No","No","No","Don't know","No"
"1152","Yes","No","No","No","No","No","No","No"
"1153","Yes","No","Some of them","Some of them","No","Maybe","Don't know","No"
"1154","Maybe","Yes","Some of them","No","No","No","Yes","No"
"1155","Yes","Yes","No","No","No","No","Don't know","No"
"1156","Maybe","No","Some of them","Some of them","Maybe","Maybe","Don't know","No"
"1157","Maybe","No","Some of them","Some of them","No","Maybe","No","No"
"1158","Maybe","No","Yes","Yes","No","No","Don't know","No"
"1159","Maybe","No","Some of them","No","No","Maybe","Don't know","No"
"1160","Maybe","No","Some of them","Some of them","No","Yes","Don't know","No"
"1161","Yes","No","No","No","No","Maybe","Yes","No"
"1162","Maybe","No","Some of them","No","No","No","No","No"
"1163","Maybe","No","Some of them","Yes","Maybe","Yes","No","No"
"1164","Yes","Maybe","No","No","No","No","Don't know","No"
"1165","No","No","Yes","Yes","No","Maybe","Yes","Yes"
"1166","Maybe","No","Yes","Yes","Yes","Yes","No","Yes"
"1167","Yes","Yes","Some of them","No","No","Maybe","No","No"
"1168","No","No","Some of them","Yes","No","No","Don't know","Yes"
"1169","Maybe","Maybe","No","No","No","Maybe","No","No"
"1170","No","No","Some of them","Yes","No","Yes","No","Yes"
"1171","No","No","Some of them","Some of them","Maybe","Maybe","Don't know","No"
"1172","Maybe","Maybe","Yes","Some of them","Maybe","No","No","No"
"1173","Maybe","Maybe","Some of them","No","No","No","No","No"
"1174","Maybe","No","Some of them","No","No","Maybe","No","Yes"
"1175","Maybe","Maybe","Some of them","Yes","No","No","Don't know","Yes"
"1176","Maybe","Maybe","Some of them","Some of them","No","No","Yes","No"
"1177","Yes","Maybe","Some of them","Some of them","No","No","Don't know","No"
"1178","No","No","Some of them","Yes","No","No","Yes","No"
"1179","Maybe","Maybe","No","No","No","No","Don't know","No"
"1180","Maybe","No","Some of them","Some of them","No","No","Don't know","No"
"1181","Maybe","No","Some of them","Some of them","No","No","Don't know","No"
"1182","Maybe","No","Some of them","No","No","No","Yes","No"
"1183","Maybe","No","Some of them","Some of them","No","No","Don't know","No"
"1184","Maybe","No","No","No","No","Maybe","Don't know","No"
"1185","No","No","Some of them","Yes","No","Yes","Don't know","No"
"1186","No","No","Some of them","Yes","Yes","Maybe","No","No"
"1187","No","No","Some of them","Yes","Yes","Yes","Don't know","No"
"1188","Yes","Yes","Some of them","Some of them","No","No","Yes","No"
"1189","Maybe","No","Some of them","No","No","Maybe","No","No"
"1190","Yes","Maybe","Some of them","Yes","No","Maybe","No","No"
"1191","Yes","Maybe","Some of them","No","No","No","Don't know","No"
"1192","Maybe","No","Some of them","Yes","No","No","Don't know","No"
"1193","Yes","No","No","No","No","Maybe","No","No"
"1194","Yes","Yes","Some of them","No","No","No","No","Yes"
"1195","No","No","Yes","Yes","No","Maybe","Don't know","No"
"1196","Maybe","Maybe","Some of them","Yes","No","Maybe","Don't know","No"
"1197","Maybe","No","Some of them","Yes","No","No","Don't know","No"
"1198","No","No","Some of them","Yes","No","Maybe","Don't know","No"
"1199","Maybe","No","Some of them","Yes","Maybe","Yes","Yes","No"
"1200","Maybe","Maybe","Some of them","Yes","No","No","No","No"
"1201","No","No","Some of them","Yes","Maybe","Maybe","Don't know","Yes"
"1202","Maybe","No","No","No","No","Maybe","No","No"
"1203","Maybe","Maybe","No","No","No","No","Don't know","No"
"1204","Yes","No","Yes","Some of them","No","No","No","Yes"
"1205","Maybe","Maybe","Some of them","Yes","No","Maybe","No","Yes"
"1206","Yes","Yes","Some of them","No","No","Maybe","No","Yes"
"1207","Maybe","No","Some of them","No","No","Maybe","Don't know","No"
"1208","Maybe","Maybe","Some of them","Some of them","No","No","Don't know","No"
"1209","No","No","Some of them","Yes","No","No","Don't know","No"
"1210","Yes","Yes","Some of them","Some of them","No","No","No","No"
"1211","Maybe","Maybe","Some of them","Some of them","No","No","Don't know","No"
"1212","No","No","Yes","Yes","No","No","Don't know","No"
"1213","Maybe","No","Some of them","No","No","No","No","No"
"1214","No","No","Some of them","Yes","Yes","Yes","Don't know","No"
"1215","No","No","Yes","Yes","Yes","Yes","Yes","No"
"1216","Maybe","No","Some of them","Some of them","No","Maybe","Yes","Yes"
"1217","Maybe","No","Some of them","No","No","Maybe","Yes","Yes"
"1218","No","No","Yes","Some of them","No","Maybe","Don't know","No"
"1219","Maybe","Maybe","No","Some of them","No","No","Yes","No"
"1220","Maybe","No","Some of them","Some of them","No","No","Don't know","No"
"1221","Yes","No","Some of them","Some of them","No","Maybe","Don't know","No"
"1222","Yes","No","No","No","No","No","Don't know","No"
"1223","No","No","Yes","Yes","Maybe","Maybe","Yes","No"
"1224","Maybe","Maybe","Some of them","Some of them","No","Maybe","Don't know","Yes"
"1225","No","No","Yes","Yes","Yes","Yes","Yes","No"
"1226","No","No","Yes","Yes","No","Maybe","Don't know","No"
"1227","Yes","Maybe","No","No","No","Maybe","Don't know","No"
"1228","Maybe","No","Yes","Some of them","No","No","Don't know","No"
"1229","Maybe","Maybe","Some of them","No","No","Maybe","Don't know","No"
"1230","Yes","Maybe","No","No","No","No","No","Yes"
"1231","Yes","Maybe","Some of them","Yes","No","No","No","Yes"
"1232","Maybe","No","Yes","Yes","Maybe","Yes","Don't know","No"
"1233","No","No","Some of them","No","No","No","Don't know","No"
"1234","Maybe","No","Some of them","No","No","No","Don't know","No"
"1235","Maybe","No","No","No","No","Maybe","Don't know","No"
"1236","No","No","Some of them","Yes","No","No","Don't know","No"
"1237","Maybe","No","Some of them","Yes","No","Yes","No","No"
"1238","Maybe","Maybe","No","Yes","No","Maybe","Don't know","Yes"
"1239","No","No","No","Some of them","Maybe","Yes","Don't know","No"
"1240","Yes","No","Some of them","No","No","Maybe","Don't know","Yes"
"1241","Yes","Maybe","No","No","No","No","Don't know","No"
"1242","No","No","Yes","Yes","Maybe","Maybe","Yes","No"
"1243","No","No","Some of them","Yes","Maybe","Maybe","Yes","No"
"1244","No","No","Some of them","Yes","No","Yes","Yes","No"
"1245","Yes","No","Some of them","No","No","Maybe","No","No"
"1246","Maybe","Maybe","Some of them","Some of them","No","No","Don't know","No"
"1247","No","No","Some of them","Some of them","No","No","Don't know","No"
"1248","No","No","Some of them","Yes","No","No","Yes","No"
"1249","Yes","Yes","No","No","No","No","No","No"
"1250","Yes","No","No","No","No","No","No","No"
"1251","Maybe","No","Some of them","No","No","No","Don't know","No"
